####
# OBJ dataFile simple version. File name: env.obj
# Vertices: 2767
# Faces: 5331
####
# List of Vertices, with (x,y,z) coordinates, w is optional.
v 465.32 513.2 504
v 467.49 513.2 502.71
v 469.89 513.2 504
v 532.8 551.78 493.55
v 532.8 552.39 493.28
v 532.8 555 492.09
v 532.8 541.93 498.78
v 532.8 541.94 498.77
v 532.8 544.55 497.03
v 532.8 538.79 501.39
v 532.8 539.33 500.91
v 532.8 535.57 504
v 532.8 536.71 503.13
v 532.8 546.1 496.16
v 532.8 547.16 495.62
v 532.8 549.78 494.42
v 449.2 585.57 480.49
v 449.2 586.35 479.44
v 449.2 583.84 483.1
v 449.2 590.75 475.26
v 449.2 591.58 474.76
v 449.2 587.69 477.88
v 449.2 588.96 476.64
v 449.2 594.19 473.67
v 449.2 596.8 473.31
v 451.81 596.8 473.22
v 454.43 596.8 473.05
v 457.04 596.8 472.95
v 459.65 596.8 473.09
v 462.26 596.8 473.6
v 464.88 596.8 474.57
v 466.15 596.8 475.26
v 467.49 596.8 476.18
v 469.35 596.8 477.88
v 470.1 596.8 478.75
v 471.3 596.8 480.49
v 472.61 596.8 483.1
v 449.2 575.75 501.39
v 449.2 575.9 500.83
v 449.2 575.23 504
v 449.2 580.97 488.33
v 449.2 581.12 488.01
v 449.2 582.34 485.71
v 449.2 583.74 483.27
v 449.2 579.69 490.94
v 449.2 578.54 493.55
v 449.2 577.49 496.16
v 449.2 578.51 493.61
v 449.2 576.54 498.78
v 472.71 596.8 483.36
v 473.58 596.8 485.71
v 474.51 596.8 488.33
v 475.33 596.8 490.1
v 475.82 596.8 490.94
v 477.94 596.8 493.07
v 478.78 596.8 493.55
v 490.99 596.8 488.33
v 491 596.8 488.32
v 484.5 596.8 493.55
v 485.78 596.8 492.88
v 488.26 596.8 490.94
v 488.39 596.8 490.83
v 480.55 596.8 494.1
v 483.16 596.8 494
v 532.8 575.44 477.88
v 532.8 575.9 477.5
v 532.8 568.89 483.1
v 532.8 570.67 481.69
v 532.8 572.19 480.49
v 532.8 573.29 479.6
v 497.75 596.8 483.1
v 498.84 596.8 482.39
v 501.45 596.8 480.84
v 511.86 596.8 475.26
v 511.9 596.8 475.24
v 507 596.8 477.88
v 509.29 596.8 476.66
v 502.09 596.8 480.49
v 504.06 596.8 479.41
v 506.68 596.8 478.04
v 532.8 585.21 470.04
v 532.8 586.35 469.1
v 532.8 581.95 472.65
v 532.8 583.74 471.22
v 516.34 596.8 472.65
v 517.12 596.8 472.17
v 520.41 596.8 470.04
v 522.35 596.8 468.67
v 519.74 596.8 470.49
v 532.8 591.05 464.81
v 532.8 591.58 464.06
v 532.8 588.34 467.43
v 532.8 588.96 466.88
v 526.91 596.8 464.81
v 527.58 596.8 463.89
v 524 596.8 467.43
v 524.96 596.8 466.65
v 529.09 594.19 462.2
v 530.19 593.12 462.2
v 532.8 592.31 462.2
v 528.23 596.8 462.2
v 532.8 578.69 475.26
v 532.8 581.12 473.31
v 532.8 578.51 475.41
v 514.51 596.8 473.75
v 532.8 561.71 488.33
v 532.8 562.84 487.57
v 532.8 565.45 485.72
v 532.8 557.3 490.94
v 532.8 557.61 490.77
v 532.8 560.23 489.26
v 532.8 565.46 485.71
v 532.8 568.06 483.75
v 493.98 596.8 485.71
v 496.23 596.8 484.15
v 493.61 596.8 485.99
v 465.45 513.2 506.61
v 469.17 513.2 506.61
v 467.49 513.2 507.27
v 455.32 513.2 519.67
v 457.04 513.2 519.38
v 459.65 513.2 519.3
v 449.2 513.2 520.38
v 449.2 515.81 520.48
v 451.81 513.2 520.24
v 454.43 513.2 519.84
v 449.2 518.42 520.77
v 449.2 521.04 521.26
v 449.2 523.65 521.9
v 460.87 513.2 519.67
v 462.26 513.2 520.39
v 464.88 513.2 522.13
v 465.13 513.2 522.29
v 467.49 513.2 523.49
v 470.1 513.2 524.27
v 449.2 525.09 522.29
v 449.2 526.26 522.6
v 449.2 528.88 523.23
v 449.2 531.49 523.71
v 449.2 534.1 524
v 472.71 513.2 524.63
v 475.33 513.2 524.7
v 477.94 513.2 524.75
v 479.09 513.2 524.9
v 449.2 536.71 524.09
v 449.2 539.33 524.04
v 449.2 541.94 523.9
v 449.2 544.55 523.8
v 449.2 547.16 523.87
v 449.2 549.78 524.22
v 449.2 552.39 524.81
v 449.2 552.79 524.9
v 480.55 513.2 525.25
v 483.16 513.2 526.03
v 485.78 513.2 526.29
v 488.39 513.2 525.88
v 491 513.2 525.14
v 449.2 555 525.2
v 491.7 513.2 524.9
v 493.61 513.2 524.21
v 496.23 513.2 523.2
v 498.72 513.2 522.29
v 498.84 513.2 522.25
v 501.45 513.2 521.28
v 505.21 513.2 519.67
v 506.68 513.2 518.93
v 509.38 513.2 517.06
v 511.9 513.2 514.86
v 509.29 513.2 517.14
v 504.06 513.2 520.18
v 520.88 513.2 509.23
v 522.35 513.2 508.57
v 515.56 513.2 511.84
v 517.12 513.2 510.99
v 512.33 513.2 514.45
v 514.51 513.2 512.55
v 519.74 513.2 509.73
v 527.12 513.2 506.61
v 527.58 513.2 506.46
v 524.96 513.2 507.44
v 530.19 513.2 505.82
v 532.8 513.2 505.59
v 532.8 515.81 505.64
v 532.8 518.42 505.82
v 532.8 521.04 506.14
v 532.8 523.65 506.52
v 532.8 524.37 506.61
v 532.8 526.26 506.73
v 532.8 528.88 506.71
v 532.8 529.83 506.61
v 532.8 531.49 506.18
v 532.8 534.1 504.96
v 449.2 574.89 506.61
v 449.2 574.41 509.23
v 449.2 573.47 511.84
v 449.2 572.05 514.45
v 449.2 573.29 512.2
v 449.2 557.75 524.9
v 449.2 560.23 523.82
v 449.2 563.12 522.29
v 449.2 565.45 521.11
v 449.2 562.84 522.41
v 449.2 570.66 517.06
v 449.2 570.67 517.04
v 449.2 567.93 519.67
v 449.2 568.06 519.61
v 449.2 557.61 524.94
v 464.42 515.81 504
v 464.88 514.58 504
v 464.88 515.81 503.27
v 464.82 518.42 504
v 464.88 518.42 503.89
v 467.49 515.81 501.8
v 470.1 513.94 504
v 470.1 515.81 502.44
v 467.49 518.42 501.87
v 470.1 518.42 501.75
v 464.88 518.53 504
v 467.3 521.04 504
v 467.49 521.04 503.79
v 470.1 521.04 502.06
v 467.49 521.18 504
v 470.1 523.31 504
v 461.47 534.1 504
v 462.26 533.71 504
v 462.26 534.1 503.27
v 464.88 532.91 504
v 464.88 534.1 503.16
v 467.49 532.95 504
v 467.49 534.1 503.6
v 468.97 534.1 504
v 471.17 515.81 504
v 472.71 517.91 504
v 472.71 518.42 503.08
v 473.2 518.42 504
v 472.71 521.04 501.64
v 475.33 520.99 504
v 475.33 521.04 503.87
v 470.49 523.65 504
v 472.71 523.65 501.41
v 475.33 523.65 501.78
v 475.36 521.04 504
v 476.38 523.65 504
v 471.82 526.26 504
v 472.71 526.26 501.84
v 475.33 526.26 501.93
v 472.62 528.88 504
v 472.71 528.88 503.92
v 475.33 528.88 503.93
v 476.46 526.26 504
v 475.38 528.88 504
v 472.71 529.02 504
v 475.33 528.93 504
v 459.03 536.71 501.39
v 459.65 536.22 501.39
v 459.65 536.71 500.46
v 457.35 539.33 501.39
v 459.65 539.33 499.22
v 458.78 536.71 504
v 459.65 535.73 504
v 457.05 539.33 504
v 457.19 541.94 501.39
v 459.65 541.94 499.82
v 458.46 544.55 501.39
v 459.65 544.55 501.05
v 456.01 541.94 504
v 457.04 539.36 504
v 457.04 541.94 501.63
v 455.61 544.55 504
v 457.04 544.55 502.28
v 462.26 535.34 501.39
v 462.26 536.71 500.16
v 464.25 536.71 501.39
v 462.26 539.33 499.49
v 464.88 537.99 501.39
v 464.88 539.33 501.28
v 464.88 536.71 501.76
v 465.02 539.33 501.39
v 467.49 536.71 503.15
v 468.79 536.71 504
v 467.49 539.33 503.55
v 467.89 539.33 504
v 462.26 541.94 500.16
v 464.26 541.94 501.39
v 464.88 540.25 501.39
v 462.2 544.55 501.39
v 462.26 544.48 501.39
v 464.88 541.94 501.94
v 462.26 544.55 501.42
v 464.88 544.55 503.58
v 466.62 541.94 504
v 467.49 540.23 504
v 465.16 544.55 504
v 459.65 546.42 501.39
v 455.19 547.16 504
v 457.04 547.16 502.12
v 459.65 547.16 501.48
v 454.91 549.78 504
v 457.04 549.78 502.08
v 459.65 549.78 501.77
v 455.01 552.39 504
v 457.04 552.39 502.37
v 459.65 552.39 502.24
v 455.6 555 504
v 457.04 555 503.12
v 459.65 555 503.23
v 462.26 547.16 502.36
v 463.89 547.16 504
v 464.88 545.07 504
v 462.26 549.78 503.09
v 463.06 549.78 504
v 462.26 552.39 504
v 462.26 552.38 504
v 460.87 555 504
v 527.07 555 493.55
v 527.58 554.48 493.55
v 527.58 555 493.29
v 530.34 552.39 493.55
v 530.19 552.46 493.55
v 530.19 555 492.38
v 526.22 544.55 498.78
v 527.58 543.36 498.78
v 527.58 544.55 498.07
v 532.57 541.94 498.78
v 530.19 542.3 498.78
v 530.19 544.55 497.29
v 526.24 539.33 504
v 527.58 538.53 504
v 527.58 539.33 502.69
v 530.14 539.33 501.39
v 530.19 539.31 501.39
v 530.19 539.33 501.37
v 530.25 536.71 504
v 530.19 536.75 504
v 524.75 541.94 501.39
v 524.96 541.76 501.39
v 524.96 541.94 501.21
v 527.58 540.3 501.39
v 527.58 541.94 499.78
v 523.36 544.55 501.39
v 524.96 544.55 499.66
v 523.14 541.94 504
v 524.96 540.14 504
v 522.36 544.55 504
v 530.19 541.94 499.05
v 521.86 555 498.78
v 522.35 553.87 498.78
v 522.35 555 497.97
v 522.33 549.78 501.39
v 522.35 549.7 501.39
v 522.35 549.78 501.33
v 522.13 547.16 504
v 522.35 544.87 504
v 522.35 547.16 503.11
v 521.54 549.78 504
v 521.54 552.39 501.39
v 522.35 552.39 499.7
v 520.59 555 501.39
v 520.66 552.39 504
v 519.66 555 504
v 519.74 554.84 504
v 519.74 555 503.73
v 526.68 549.78 496.16
v 527.58 548.59 496.16
v 527.58 549.78 495.65
v 524.73 547.16 498.78
v 524.96 546.61 498.78
v 524.96 547.16 498.53
v 527.58 547.16 496.79
v 523.8 549.78 498.78
v 524.96 549.78 497.47
v 529.2 547.16 496.16
v 530.19 546.63 496.16
v 530.19 547.16 495.9
v 530.19 549.78 494.72
v 525.17 552.39 496.16
v 527.58 552.39 494.53
v 523.75 555 496.16
v 524.96 552.78 496.16
v 524.96 555 494.99
v 522.9 552.39 498.78
v 524.96 552.39 496.35
v 530.19 552.39 493.58
v 522.89 547.16 501.39
v 451.81 585.41 480.49
v 451.81 586.35 479.22
v 454.43 585.14 480.49
v 454.43 586.35 478.77
v 451.96 583.74 483.1
v 454.43 583.61 483.1
v 454.43 583.74 482.86
v 451.81 583.75 483.1
v 457.04 584.97 480.49
v 457.04 586.35 478.52
v 459.65 585.36 480.49
v 459.65 586.35 479
v 457.04 583.55 483.1
v 457.04 583.74 482.69
v 458.89 583.74 483.1
v 459.65 583.85 483.1
v 462.26 586 480.49
v 462.26 586.35 479.85
v 463.81 586.35 480.49
v 462.26 584.48 483.1
v 464.88 584.95 483.1
v 464.88 586.35 480.84
v 467.49 585.15 483.1
v 467.49 586.35 481.65
v 469.97 586.35 483.1
v 451.81 590.51 475.26
v 451.81 591.58 474.62
v 454.43 589.98 475.26
v 454.43 591.58 474.32
v 451.81 587.48 477.88
v 451.81 588.96 476.45
v 454.43 587.07 477.88
v 454.43 588.96 476.03
v 457.04 589.57 475.26
v 457.04 591.58 474.08
v 459.65 589.66 475.26
v 459.65 591.58 474.1
v 457.04 586.81 477.88
v 457.04 588.96 475.73
v 459.65 587.02 477.88
v 459.65 588.96 475.84
v 451.81 594.19 473.57
v 454.43 594.19 473.36
v 457.04 594.19 473.22
v 459.65 594.19 473.33
v 462.26 590.23 475.26
v 462.26 591.58 474.51
v 464.48 591.58 475.26
v 462.26 587.47 477.88
v 462.26 588.96 476.27
v 464.88 588.27 477.88
v 464.88 588.96 477.13
v 464.88 591.58 475.44
v 466.26 588.96 477.88
v 467.49 590.02 477.88
v 467.49 591.58 477.03
v 468.49 591.58 477.88
v 462.26 594.19 473.81
v 464.88 592.13 475.26
v 464.88 594.19 474.76
v 465.84 594.19 475.26
v 467.49 594.19 476.36
v 469.18 594.19 477.88
v 464.88 586.54 480.49
v 467.49 587.24 480.49
v 467.49 588.96 478.69
v 469.67 588.96 480.49
v 470.1 589.78 480.49
v 470.1 591.58 479.62
v 470.1 586.48 483.1
v 470.1 588.96 480.93
v 470.1 594.19 478.94
v 470.75 591.58 480.49
v 471.6 588.96 483.1
v 472.2 591.58 483.1
v 471.18 594.19 480.49
v 472.51 594.19 483.1
v 457.04 557.08 504
v 459.65 556.25 504
v 451.81 575.89 501.39
v 451.81 575.9 501.33
v 451.94 575.9 501.39
v 451.81 575.36 504
v 453.83 575.9 504
v 479.92 568.06 504
v 480.55 567.54 504
v 480.55 568.06 503.69
v 477.65 570.67 504
v 477.94 570.31 504
v 477.94 570.67 503.81
v 480.55 570.67 502.29
v 474.9 575.9 504
v 475.33 574.42 504
v 475.33 575.9 503.62
v 480.3 573.29 501.39
v 480.55 572.95 501.39
v 480.55 573.29 501.28
v 479.62 575.9 501.39
v 480.55 575.9 500.97
v 475.83 573.29 504
v 477.94 573.29 502.57
v 477.94 575.9 502.02
v 488.18 573.29 498.78
v 488.39 573.08 498.78
v 488.39 573.29 498.72
v 491 571.25 498.78
v 491 573.29 497.82
v 486.28 575.9 498.78
v 488.39 575.9 498.17
v 491 575.9 497.07
v 482.74 570.67 501.39
v 483.16 570.3 501.39
v 483.16 570.67 501.24
v 485.78 569.03 501.39
v 485.78 570.67 500.39
v 483.16 566.38 504
v 483.16 568.06 502.71
v 485.78 566.08 504
v 485.78 568.06 502.11
v 488.39 568.48 501.39
v 488.39 570.67 499.78
v 491 568.25 501.39
v 491 570.67 499.14
v 488.39 566.2 504
v 488.39 568.06 501.78
v 491 566.47 504
v 491 568.06 501.62
v 483.16 573.29 500.17
v 485.78 573.29 499.4
v 483.16 575.9 499.8
v 485.78 575.9 498.9
v 451.81 580.94 488.33
v 451.81 581.12 487.96
v 454.43 580.9 488.33
v 454.43 581.12 487.87
v 457.04 580.92 488.33
v 457.04 581.12 487.91
v 459.65 581.1 488.33
v 459.65 581.12 488.29
v 451.81 582.3 485.71
v 451.81 583.74 483.12
v 454.43 582.22 485.71
v 457.04 582.26 485.71
v 459.65 582.6 485.71
v 459.65 583.74 483.38
v 451.81 579.7 490.94
v 454.43 579.62 490.94
v 451.81 578.55 493.55
v 454.43 578.55 493.55
v 457.04 579.65 490.94
v 459.65 579.67 490.94
v 457.04 578.57 493.55
v 459.65 578.69 493.55
v 459.83 581.12 488.33
v 462.26 583.18 485.71
v 462.26 583.74 484.51
v 464.88 583.36 485.71
v 464.88 583.74 484.99
v 462.26 581.59 488.33
v 464.88 581.95 488.33
v 467.49 583.48 485.71
v 467.49 583.74 485.3
v 468.37 583.74 485.71
v 470.1 584.6 485.71
v 470.1 586.35 483.22
v 467.49 582.21 488.33
v 470.1 583.57 488.33
v 470.1 583.74 487.71
v 462.26 580.39 490.94
v 462.26 581.12 489.14
v 464.88 580.97 490.94
v 464.88 581.12 490.45
v 462.26 579.47 493.55
v 464.88 579.89 493.55
v 466.37 581.12 490.94
v 467.49 580.43 493.55
v 467.49 581.12 491.72
v 468.52 581.12 493.55
v 467.49 581.42 490.94
v 470.1 583.01 490.94
v 470.1 582.59 493.55
v 451.81 577.54 496.16
v 451.81 578.51 493.64
v 454.43 577.64 496.16
v 454.43 578.51 493.67
v 451.81 576.63 498.78
v 454.43 576.88 498.78
v 457.04 577.79 496.16
v 457.04 578.51 493.73
v 459.65 578 496.16
v 459.65 578.51 494.32
v 457.04 577.19 498.78
v 459.65 577.41 498.78
v 454.43 576.3 501.39
v 454.43 576.17 504
v 457.04 576.86 501.39
v 459.65 577.32 501.39
v 457.04 577.23 504
v 459.65 577.76 504
v 461.93 578.51 496.16
v 462.26 578.6 496.16
v 464.88 578.85 496.16
v 462.26 577.93 498.78
v 462.26 578.51 496.47
v 464.61 578.51 498.78
v 464.88 578.59 498.78
v 467.49 579.65 496.16
v 469.07 581.12 496.16
v 467.49 579.71 498.78
v 469.14 581.12 498.78
v 470.1 582.58 496.16
v 470.1 582.36 498.78
v 462.26 577.77 501.39
v 464.81 578.51 501.39
v 464.88 578.54 501.39
v 462.26 578.21 504
v 463.55 578.51 504
v 464.88 578.83 504
v 467.49 579.6 501.39
v 470.1 580.48 501.39
v 470.1 581.12 500.71
v 467.49 579.16 504
v 470.1 578.6 504
v 471.55 586.35 485.71
v 470.31 583.74 488.33
v 472.13 586.35 488.33
v 470.78 583.74 490.94
v 472.31 586.35 490.94
v 470.89 583.74 493.55
v 472.35 586.35 493.55
v 489.01 583.74 493.55
v 491 582.3 493.55
v 491 583.74 492.44
v 487.2 586.35 493.55
v 488.39 584.18 493.55
v 488.39 586.35 492.79
v 491 586.35 490.96
v 472.57 588.96 485.71
v 472.71 589.56 485.71
v 472.71 591.58 484.42
v 473.12 591.58 485.71
v 472.71 587.85 488.33
v 472.71 588.96 486.31
v 473.08 588.96 488.33
v 473.79 591.58 488.33
v 472.71 594.19 483.6
v 473.46 594.19 485.71
v 474.31 594.19 488.33
v 472.71 587.26 490.94
v 473.46 588.96 490.94
v 474.54 591.58 490.94
v 472.71 586.95 493.55
v 474.04 588.96 493.55
v 475.33 590.74 493.55
v 475.33 591.58 492.65
v 475.96 591.58 493.55
v 475.33 593.78 490.94
v 475.33 594.19 490.72
v 475.44 594.19 490.94
v 477.8 594.19 493.55
v 477.94 594.41 493.55
v 491 596.68 488.33
v 490.29 588.96 490.94
v 491 586.42 490.94
v 491 588.96 490.31
v 489.91 591.58 490.94
v 491 591.58 489.79
v 487.69 588.96 493.55
v 488.39 588.96 492.77
v 487.5 591.58 493.55
v 488.39 591.58 492.56
v 485.78 594.57 493.55
v 489.18 594.19 490.94
v 491 594.19 489.04
v 488.39 596.08 490.94
v 486.03 594.19 493.55
v 488.39 594.19 491.71
v 470.78 583.74 496.16
v 472.71 586.18 496.16
v 472.71 586.35 495.74
v 472.88 586.35 496.16
v 471.48 583.74 498.78
v 472.71 584.26 498.78
v 475.33 585.34 498.78
v 475.33 586.35 498.21
v 477.94 585.76 498.78
v 477.94 586.35 498.48
v 480.55 585.34 498.78
v 480.55 586.35 498.11
v 471.52 581.12 501.39
v 470.39 578.51 504
v 472.71 578.16 504
v 472.71 578.51 503.72
v 475.33 578.51 502.78
v 472.71 581.12 501.77
v 475.33 581.12 501.53
v 478.53 578.51 501.39
v 480.55 578.51 500.43
v 475.78 581.12 501.39
v 477.94 579.15 501.39
v 477.94 581.12 500.91
v 480.55 581.12 499.81
v 477.94 578.51 501.57
v 472.71 581.61 501.39
v 472.71 583.74 499.33
v 475.33 581.35 501.39
v 475.33 583.74 499.66
v 477.94 583.74 499.89
v 480.55 583.74 499.54
v 484.65 578.51 498.78
v 485.78 576.74 498.78
v 485.78 578.51 498.44
v 482.5 581.12 498.78
v 483.16 580.05 498.78
v 483.16 581.12 498.47
v 485.78 581.12 497.25
v 490.87 578.51 496.16
v 491 578.34 496.16
v 491 578.51 496.1
v 488.25 581.12 496.16
v 488.39 581.03 496.16
v 488.39 581.12 496.1
v 491 581.12 494.52
v 488.39 578.51 497.48
v 484.96 583.74 496.16
v 485.78 582.85 496.16
v 485.78 583.74 495.56
v 484.27 586.35 496.16
v 485.78 586.35 494.63
v 481.97 583.74 498.78
v 483.16 583.74 497.69
v 483.16 586.35 496.99
v 488.39 583.74 493.89
v 483.16 578.51 499.28
v 475.33 588.58 496.16
v 475.33 588.96 495.7
v 475.85 588.96 496.16
v 477.94 590.04 496.16
v 477.94 591.58 495.08
v 480.55 590.95 496.16
v 480.55 591.58 495.91
v 477.94 588.96 496.9
v 480.55 588.96 496.94
v 477.94 594.19 493.64
v 480.55 594.19 494.74
v 484.08 588.96 496.16
v 485.78 588.96 495.2
v 483.16 590.49 496.16
v 483.16 591.58 495.92
v 485.78 591.58 494.93
v 483.16 588.96 496.49
v 483.16 594.19 494.88
v 485.78 594.19 493.7
v 513.97 575.9 483.1
v 514.51 575.59 483.1
v 514.51 575.9 482.84
v 517.12 574.12 483.1
v 517.12 575.9 481.61
v 519.71 575.9 480.49
v 519.74 575.89 480.49
v 519.74 575.9 480.48
v 522.35 574.64 480.49
v 522.35 575.9 479.48
v 518.71 573.29 483.1
v 519.74 572.76 483.1
v 519.74 573.29 482.64
v 522.35 571.53 483.1
v 522.35 573.29 481.61
v 528.38 575.9 477.88
v 530.19 575.6 477.88
v 530.19 575.9 477.63
v 524.39 570.67 483.1
v 524.96 570.46 483.1
v 524.96 570.67 482.92
v 527.58 569.62 483.1
v 527.58 570.67 482.24
v 530.19 569.08 483.1
v 530.19 570.67 481.83
v 525.95 573.29 480.49
v 527.58 572.84 480.49
v 527.58 573.29 480.12
v 524.96 573.61 480.49
v 524.96 575.9 478.65
v 527.58 575.9 478.02
v 524.96 573.29 480.75
v 530.19 572.35 480.49
v 530.19 573.29 479.73
v 511.35 586.35 477.88
v 511.9 585.71 477.88
v 511.9 586.35 477.59
v 506.58 581.12 483.1
v 506.68 581.04 483.1
v 506.68 581.12 483.05
v 511.61 581.12 480.49
v 511.9 580.89 480.49
v 511.9 581.12 480.34
v 509.9 578.51 483.1
v 511.9 577.17 483.1
v 511.9 578.51 482.1
v 509.29 578.95 483.1
v 509.29 581.12 481.67
v 506.4 586.35 480.49
v 506.68 586.01 480.49
v 506.68 586.35 480.34
v 503.96 583.74 483.1
v 504.06 583.62 483.1
v 504.06 583.74 483.04
v 506.68 583.74 481.57
v 501.87 586.35 483.1
v 504.06 586.35 481.79
v 508.71 583.74 480.49
v 509.29 583.17 480.49
v 509.29 583.74 480.19
v 511.9 583.74 478.84
v 509.29 586.35 478.95
v 500.21 588.96 483.1
v 501.45 586.92 483.1
v 501.45 588.96 482.3
v 498.99 591.58 483.1
v 501.45 591.58 481.52
v 498.14 594.19 483.1
v 498.84 591.96 483.1
v 498.84 594.19 482.61
v 501.45 594.19 481.02
v 509.47 588.96 477.88
v 511.9 588.96 476.58
v 508.11 591.58 477.88
v 509.29 589.26 477.88
v 509.29 591.58 477.25
v 511.9 591.58 475.85
v 511.9 595.76 475.26
v 507.28 594.19 477.88
v 509.29 594.19 476.81
v 511.9 594.19 475.39
v 504.6 588.96 480.49
v 506.68 588.96 479.36
v 503.24 591.58 480.49
v 504.06 589.89 480.49
v 504.06 591.58 480.03
v 506.68 591.58 478.63
v 504.06 588.96 480.78
v 509.29 588.96 477.97
v 502.39 594.19 480.49
v 504.06 594.19 479.57
v 506.68 594.19 478.19
v 521.48 586.35 472.65
v 522.35 585.63 472.65
v 522.35 586.35 472.23
v 527.56 586.35 470.04
v 527.58 586.34 470.04
v 527.58 586.35 470.03
v 525.35 583.74 472.65
v 527.58 582.82 472.65
v 527.58 583.74 471.96
v 524.96 583.94 472.65
v 524.96 586.35 471.03
v 530.19 585.48 470.04
v 530.19 586.35 469.35
v 530.19 582.17 472.65
v 530.19 583.74 471.41
v 521.81 591.58 470.04
v 522.35 590.7 470.04
v 522.35 591.58 469.7
v 519.08 588.96 472.65
v 519.74 588.13 472.65
v 519.74 588.96 472.28
v 522.35 588.96 470.83
v 517.52 591.58 472.65
v 519.74 591.58 471.32
v 516.63 594.19 472.65
v 517.12 592.53 472.65
v 517.12 594.19 472.35
v 520.74 594.19 470.04
v 522.35 594.19 468.94
v 519.74 594.19 470.7
v 525.92 591.58 467.43
v 527.58 590.03 467.43
v 527.58 591.58 466.38
v 530.33 591.58 464.81
v 529.53 588.96 467.43
v 530.19 588.73 467.43
v 530.19 588.96 467.24
v 530.19 591.58 464.89
v 527.56 594.19 464.81
v 527.58 594.16 464.81
v 527.58 594.19 464.8
v 524.44 594.19 467.43
v 524.96 593 467.43
v 524.96 594.19 467.03
v 530.19 591.65 464.81
v 523.8 588.96 470.04
v 524.96 587.93 470.04
v 524.96 588.96 469.42
v 527.58 588.96 468.17
v 524.96 591.58 468.04
v 517 581.12 477.88
v 517.12 581.04 477.88
v 517.12 581.12 477.82
v 521.25 578.51 477.88
v 522.35 577.97 477.88
v 522.35 578.51 477.47
v 519.74 579.35 477.88
v 519.74 581.12 476.65
v 522.35 581.12 475.58
v 516.36 586.35 475.26
v 517.12 585.55 475.26
v 517.12 586.35 474.87
v 513.82 583.74 477.88
v 514.51 583.11 477.88
v 514.51 583.74 477.53
v 517.12 583.74 476.24
v 514.51 586.35 476.23
v 519.15 583.74 475.26
v 519.74 583.29 475.26
v 519.74 583.74 474.99
v 522.35 581.58 475.26
v 522.35 583.74 473.82
v 519.74 586.35 473.52
v 515.22 578.51 480.49
v 517.12 577.33 480.49
v 517.12 578.51 479.61
v 514.51 578.98 480.49
v 514.51 581.12 479.06
v 514.51 578.51 480.82
v 519.74 578.51 478.48
v 523.19 581.12 475.26
v 524.96 580.3 475.26
v 524.96 581.12 474.65
v 527.58 579.4 475.26
v 527.58 581.12 473.93
v 524.96 576.88 477.88
v 524.96 578.51 476.61
v 527.58 576.08 477.88
v 527.58 578.51 475.96
v 530.19 578.87 475.26
v 530.19 581.12 473.47
v 530.19 578.51 475.55
v 524.96 583.74 472.79
v 514.35 588.96 475.26
v 514.51 588.72 475.26
v 514.51 588.96 475.17
v 517.12 588.96 473.74
v 512.96 591.58 475.26
v 514.51 591.58 474.39
v 517.12 591.58 472.88
v 512.14 594.19 475.26
v 514.51 594.19 473.91
v 499.85 575.9 490.94
v 501.45 574.65 490.94
v 501.45 575.9 489.87
v 499.12 573.29 493.55
v 501.45 572.07 493.55
v 501.45 573.29 492.23
v 496.37 575.9 493.55
v 498.84 573.47 493.55
v 498.84 575.9 491.64
v 504.02 575.9 488.33
v 504.06 575.87 488.33
v 504.06 575.9 488.3
v 506.68 574.31 488.33
v 506.68 575.9 486.86
v 508.83 575.9 485.71
v 509.29 575.63 485.71
v 509.29 575.9 485.47
v 511.9 574.13 485.71
v 511.9 575.9 484.13
v 508.6 573.29 488.33
v 509.29 572.94 488.33
v 509.29 573.29 487.95
v 511.9 571.61 488.33
v 511.9 573.29 486.53
v 505.14 570.67 493.55
v 506.68 570.13 493.55
v 506.68 570.67 492.68
v 509.54 570.67 490.94
v 511.9 569.56 490.94
v 511.9 570.67 489.45
v 511.62 568.06 493.55
v 511.9 567.93 493.55
v 511.9 568.06 493.31
v 509.29 569.12 493.55
v 509.29 570.67 491.1
v 503.79 573.29 490.94
v 504.06 573.15 490.94
v 504.06 573.29 490.79
v 506.68 571.94 490.94
v 506.68 573.29 489.37
v 504.06 571.06 493.55
v 509.29 570.79 490.94
v 510.89 565.45 501.39
v 511.9 564.89 501.39
v 511.9 565.45 499.45
v 509.71 565.45 504
v 511.9 564.11 504
v 492.32 570.67 498.78
v 493.61 570.24 498.78
v 493.61 570.67 498.38
v 496.23 569.64 498.78
v 496.23 570.67 497.49
v 499.67 570.67 496.16
v 501.45 570.18 496.16
v 501.45 570.67 495.39
v 498.84 569.22 498.78
v 498.84 570.67 496.5
v 501.45 568.85 498.78
v 494.51 573.29 496.16
v 496.23 572.05 496.16
v 496.23 573.29 495.22
v 492.83 575.9 496.16
v 493.61 574.37 496.16
v 493.61 575.9 495.7
v 496.23 575.9 493.66
v 493.61 573.29 496.63
v 498.84 570.93 496.16
v 498.84 573.29 493.71
v 493.61 568.15 501.39
v 496.23 568.09 501.39
v 493.61 566.73 504
v 493.61 568.06 501.54
v 496.23 566.92 504
v 496.23 568.06 501.45
v 497.46 568.06 501.39
v 498.84 568.02 501.39
v 498.84 568.06 501.28
v 501.45 567.88 501.39
v 501.45 568.06 500.84
v 498.84 567.05 504
v 501.45 567.1 504
v 504.06 569.52 496.16
v 504.06 570.67 494.13
v 506.68 568.78 496.16
v 505.67 568.06 498.78
v 506.68 567.8 498.78
v 506.68 568.06 497.98
v 504.06 568.41 498.78
v 508.75 568.06 496.16
v 509.29 567.85 496.16
v 509.29 568.06 495.67
v 511.9 566.65 496.16
v 509.29 566.92 498.78
v 511.9 565.66 498.78
v 504.06 567.6 501.39
v 504.06 568.06 499.83
v 506.68 567.07 501.39
v 504.06 566.94 504
v 506.68 566.48 504
v 509.29 566.19 501.39
v 509.29 565.65 504
v 522.31 560.23 493.55
v 522.35 560.18 493.55
v 522.35 560.23 493.51
v 516.13 565.45 493.55
v 517.12 564.75 493.55
v 517.12 565.45 492.53
v 518.93 565.45 490.94
v 519.74 564.89 490.94
v 519.74 565.45 490.31
v 522.35 562.97 490.94
v 522.35 565.45 488.6
v 519.53 562.84 493.55
v 519.74 562.66 493.55
v 519.74 562.84 493.33
v 522.35 562.84 491.06
v 522.84 565.45 488.33
v 524.96 564.23 488.33
v 524.96 565.45 487.31
v 527.58 562.93 488.33
v 527.58 565.45 486.42
v 527.8 562.84 488.33
v 530.19 562.03 488.33
v 530.19 562.84 487.77
v 530.19 565.45 485.9
v 525.96 560.23 490.94
v 527.58 559.12 490.94
v 527.58 560.23 490.22
v 524.72 557.61 493.55
v 524.96 557.34 493.55
v 524.96 557.61 493.37
v 527.58 557.61 491.86
v 524.96 560.23 491.5
v 530.72 557.61 490.94
v 530.19 557.79 490.94
v 530.19 560.23 489.5
v 530.19 557.61 491.03
v 522.52 562.84 490.94
v 524.96 560.97 490.94
v 524.96 562.84 489.46
v 527.58 562.84 488.39
v 513.72 570.67 488.33
v 514.51 570.25 488.33
v 514.51 570.67 487.84
v 517.12 568.81 488.33
v 517.12 570.67 486.34
v 518.29 570.67 485.71
v 519.74 569.91 485.71
v 519.74 570.67 484.99
v 522.35 568.58 485.71
v 522.35 570.67 483.84
v 518.43 568.06 488.33
v 519.74 567.3 488.33
v 519.74 568.06 487.54
v 522.35 565.74 488.33
v 522.35 568.06 486.18
v 513.43 573.29 485.71
v 514.51 572.7 485.71
v 514.51 573.29 485.15
v 517.12 571.3 485.71
v 517.12 573.29 483.84
v 514.74 568.06 490.94
v 517.12 566.64 490.94
v 517.12 568.06 489.19
v 514.51 568.19 490.94
v 514.51 566.49 493.55
v 514.51 568.06 491.12
v 523.41 568.06 485.71
v 524.96 567.36 485.71
v 524.96 568.06 485.12
v 527.58 566.36 485.71
v 527.58 568.06 484.35
v 530.19 565.69 485.71
v 530.19 568.06 483.9
v 522.11 557.61 496.16
v 522.35 557.26 496.16
v 522.35 557.61 495.86
v 520.06 560.23 496.16
v 520.41 557.61 498.78
v 518.49 560.23 498.78
v 519.74 558.62 498.78
v 519.74 560.23 496.64
v 513.98 565.45 496.16
v 514.51 565.1 496.16
v 514.51 565.45 495.44
v 517.12 563.12 496.16
v 515.91 562.84 498.78
v 517.12 561.7 498.78
v 517.12 562.84 496.66
v 512.27 565.45 498.78
v 514.51 563.96 498.78
v 517.45 562.84 496.16
v 519.74 560.58 496.16
v 516.22 560.23 504
v 517.12 559.15 504
v 517.12 560.23 501.86
v 519.2 557.61 501.39
v 519.74 556.69 501.39
v 519.74 557.61 500.14
v 517.31 560.23 501.39
v 518.22 557.61 504
v 514.69 562.84 501.39
v 517.12 560.44 501.39
v 514.51 562.99 501.39
v 513.67 562.84 504
v 514.51 562.1 504
v 514.51 562.84 501.82
v 500.78 578.51 488.33
v 501.45 577.89 488.33
v 501.45 578.51 487.88
v 498.25 581.12 488.33
v 498.84 580.48 488.33
v 498.84 581.12 487.91
v 501.45 581.12 486.13
v 494.42 586.35 488.33
v 496.23 583.83 488.33
v 496.23 586.35 487.02
v 499.85 583.74 485.71
v 501.45 581.81 485.71
v 501.45 583.74 484.63
v 497.81 586.35 485.71
v 498.84 584.92 485.71
v 498.84 586.35 484.99
v 501.45 586.35 483.35
v 496.3 583.74 488.33
v 498.84 583.74 486.36
v 495.32 581.12 490.94
v 496.23 580.04 490.94
v 496.23 581.12 490.1
v 494.51 578.51 493.55
v 496.23 576.1 493.55
v 496.23 578.51 492.03
v 492.55 581.12 493.55
v 493.61 579.95 493.55
v 493.61 581.12 492.7
v 497.48 578.51 490.94
v 498.84 576.87 490.94
v 498.84 578.51 489.76
v 493.2 583.74 490.94
v 493.61 583.25 490.94
v 493.61 583.74 490.56
v 496.23 583.74 488.38
v 491.04 586.35 490.94
v 493.61 586.35 488.96
v 505.02 578.51 485.71
v 506.68 577.29 485.71
v 506.68 578.51 484.79
v 502.12 581.12 485.71
v 504.06 579.29 485.71
v 504.06 581.12 484.52
v 504.06 578.51 486.26
v 509.29 578.51 483.41
v 495.51 591.58 485.71
v 496.23 589.62 485.71
v 496.23 591.58 485.17
v 493.33 588.96 488.33
v 493.61 588.06 488.33
v 493.61 588.96 488.09
v 496.23 588.96 485.91
v 492.57 591.58 488.33
v 493.61 591.58 487.44
v 496.5 588.96 485.71
v 498.84 588.96 483.99
v 498.84 591.58 483.2
v 494.66 594.19 485.71
v 496.23 594.19 484.54
v 491.72 594.19 488.33
v 493.61 594.19 486.65
v 493.61 578.51 494.4
v 464.17 515.81 506.61
v 464.88 514.4 506.61
v 464.5 518.42 506.61
v 464.88 515.81 507.88
v 464.88 518.42 508.1
v 470.1 514.86 506.61
v 467.49 515.81 508.62
v 470.1 515.81 507.43
v 465.94 518.42 509.23
v 467.49 517.27 509.23
v 469.07 518.42 509.23
v 470.1 518.42 508.82
v 464.88 519.25 506.61
v 466.17 521.04 506.61
v 467.49 522.1 506.61
v 470.1 523.48 506.61
v 467.49 520.58 509.23
v 467.49 521.04 509.02
v 470.1 521.04 508.94
v 467.49 518.42 509.46
v 470.01 528.88 506.61
v 470.1 528.84 506.61
v 470.1 528.88 506.52
v 469.88 528.88 509.23
v 470.1 528.79 509.23
v 463.9 531.49 506.61
v 464.88 530.92 506.61
v 464.88 531.49 505.41
v 460.86 534.1 506.61
v 462.26 532.77 506.61
v 464.17 531.49 509.23
v 464.88 531 509.23
v 461.11 534.1 509.23
v 462.26 533.03 509.23
v 467.49 529.7 506.61
v 467.49 531.49 504.72
v 470.1 531.49 504.67
v 470.1 534.1 504.37
v 467.49 529.66 509.23
v 470.1 528.88 509.54
v 464.88 531.49 510.66
v 462.08 534.1 511.84
v 462.26 533.96 511.84
v 464.88 532.07 511.84
v 462.26 534.1 512.17
v 463.74 534.1 514.45
v 464.88 533.45 514.45
v 465.84 531.49 511.84
v 467.49 530.81 511.84
v 470.1 529.83 511.84
v 467.49 531.49 513.1
v 470.1 531.49 514.3
v 467.49 532.26 514.45
v 470.1 531.59 514.45
v 455.27 515.81 519.67
v 457.04 515.81 519.2
v 459.65 515.81 518.61
v 455.53 518.42 519.67
v 457.04 518.42 519.01
v 459.65 518.42 517.37
v 456.4 521.04 519.67
v 457.04 521.04 519.33
v 459.65 521.04 517.46
v 457.04 522.17 519.67
v 458.13 523.65 519.67
v 459.65 523.65 518.73
v 451.81 515.81 520.32
v 454.43 515.81 519.87
v 451.81 518.42 520.59
v 454.43 518.42 520.04
v 451.81 521.04 521.07
v 454.43 521.04 520.48
v 451.81 523.65 521.74
v 454.43 523.65 521.21
v 457.04 523.65 520.25
v 459.98 518.42 517.06
v 462.26 516.69 517.06
v 462.26 518.42 515.14
v 464.88 517.9 517.06
v 464.88 518.42 516.06
v 462.26 514.95 519.67
v 462.26 515.81 518.6
v 463.57 515.81 519.67
v 464.88 516.81 519.67
v 465.47 518.42 517.06
v 466.62 518.42 519.67
v 460.06 521.04 517.06
v 462.26 521.04 515.06
v 464.88 521.04 515.09
v 461.92 523.65 517.06
v 462.26 523.65 516.85
v 464.88 523.65 516.27
v 466.8 521.04 517.06
v 467.39 523.65 517.06
v 467.49 519.68 519.67
v 467.49 521.04 518.24
v 468.4 521.04 519.67
v 467.49 523.65 517.12
v 470.1 522.5 519.67
v 470.1 523.65 518.52
v 464.88 515.81 520.95
v 466.57 515.81 522.29
v 467.49 516.89 522.29
v 467.49 518.42 521.06
v 469.36 518.42 522.29
v 467.49 515.81 522.87
v 470.1 515.81 523.78
v 470.1 518.42 522.51
v 470.1 518.83 522.29
v 470.1 521.04 520.95
v 459.65 525.16 519.67
v 451.81 525.62 522.29
v 453.2 526.26 522.29
v 454.43 526.26 522.07
v 454.43 526.95 522.29
v 451.81 526.26 522.47
v 451.81 528.88 523.13
v 454.43 528.88 522.84
v 457.04 526.26 521.37
v 459.65 526.26 520.37
v 457.04 528.63 522.29
v 457.43 528.88 522.29
v 459.65 528.88 521.77
v 457.04 528.88 522.37
v 451.81 531.49 523.63
v 454.43 531.49 523.38
v 451.81 534.1 523.9
v 454.43 534.1 523.63
v 459.65 530.27 522.29
v 457.04 531.49 523.02
v 459.65 531.49 522.59
v 457.04 534.1 523.23
v 459.65 534.1 522.78
v 462.26 523.9 517.06
v 464.88 524.98 517.06
v 461.13 526.26 519.67
v 462.26 526.26 519.13
v 464.88 526.26 518.03
v 462.26 526.92 519.67
v 464.88 528.06 519.67
v 467.49 526.26 517.61
v 470.1 526.26 517.23
v 467.29 528.88 519.67
v 467.49 528.88 519.62
v 470.1 528.88 518.52
v 464.88 534.1 515.68
v 467.49 534.1 516.97
v 467.89 534.1 517.06
v 470.1 533.74 517.06
v 467.49 528.94 519.67
v 470.1 530.69 519.67
v 469.93 534.1 519.67
v 470.1 534 519.67
v 462.26 528.88 521.09
v 464.88 528.88 520.35
v 461.7 531.49 522.29
v 462.26 531.49 522.22
v 464.88 531.49 521.88
v 462.26 531.73 522.29
v 463.49 534.1 522.29
v 464.88 534.1 522.12
v 462.26 534.1 522.42
v 467.49 531.49 521.26
v 470.1 531.49 520.01
v 467.49 534.1 521.3
v 470.78 515.81 506.61
v 472.59 518.42 506.61
v 472.71 518.42 506.43
v 472.71 518.58 506.61
v 474.63 521.04 506.61
v 475.33 521.04 505.36
v 470.43 523.65 506.61
v 475.33 522.36 506.61
v 472.71 521.04 507.9
v 472.71 523.65 507.83
v 475.33 523.65 507.04
v 475.72 523.65 506.61
v 472.06 526.26 506.61
v 472.71 526.26 507.59
v 475.33 526.26 507.47
v 472.71 527.84 509.23
v 475.33 528.66 509.23
v 476.03 526.26 506.61
v 475.79 528.88 506.61
v 475.46 528.88 509.23
v 472.71 531.49 504.82
v 474.92 531.49 506.61
v 475.33 530.57 506.61
v 472.71 534.1 505.88
v 473.42 534.1 506.61
v 475.33 531.49 507.61
v 474.83 534.1 509.23
v 475.33 533.15 509.23
v 475.81 531.49 509.23
v 472.21 528.88 511.84
v 472.71 528.71 511.84
v 474.9 528.88 511.84
v 475.33 528.88 510.45
v 472.71 528.88 512.14
v 475.33 529.25 511.84
v 475.24 534.1 511.84
v 475.33 533.96 511.84
v 470.53 531.49 514.45
v 472.71 530.68 514.45
v 474.89 531.49 514.45
v 475.33 531.49 513.88
v 474.58 534.1 514.45
v 476.02 531.49 511.84
v 472.71 523.14 519.67
v 472.71 523.65 519.03
v 475.33 522.94 519.67
v 475.33 523.65 519.07
v 477.94 522.82 519.67
v 477.94 523.65 519.27
v 480.55 523.52 519.67
v 480.55 523.65 519.6
v 472.71 515.81 524.25
v 475.33 515.81 524.31
v 472.71 518.42 523.04
v 475.33 518.42 523.01
v 477.94 515.81 524.09
v 480.55 515.18 524.9
v 480.55 515.81 524.68
v 477.94 518.42 522.32
v 480.55 518.42 522.81
v 472.71 519.82 522.29
v 472.71 521.04 521.54
v 475.33 519.58 522.29
v 475.33 521.04 521.23
v 477.94 518.46 522.29
v 477.94 521.04 520.59
v 480.55 519.09 522.29
v 480.55 521.04 521.06
v 480.84 523.65 519.67
v 481.03 515.81 524.9
v 483.16 518.38 524.9
v 483.16 518.42 524.88
v 483.18 518.42 524.9
v 482.49 521.04 522.29
v 483.16 521.72 522.29
v 483.16 523.65 520.67
v 485.66 523.65 522.29
v 483.16 521.04 522.87
v 485.78 520.8 524.9
v 485.78 521.04 524.71
v 485.78 523.65 522.36
v 486.38 521.04 524.9
v 488.39 522.08 524.9
v 488.39 523.65 523.66
v 491 522.44 524.9
v 491 523.65 524.38
v 470.63 526.26 517.06
v 472.71 525.39 517.06
v 472.71 526.26 516.64
v 474.51 526.26 517.06
v 472.71 528.82 517.06
v 475.33 526.26 517.5
v 472.71 528.88 517.11
v 475.33 528.88 517.53
v 477.94 526.26 518.69
v 480.55 526.26 518.94
v 477.94 528.88 518.98
v 480.55 528.88 519.33
v 472.71 531.49 515.35
v 472.5 534.1 517.06
v 472.71 534.1 516.94
v 470.65 531.49 519.67
v 472.71 531.49 518.25
v 475.33 531.49 518.21
v 472.71 534.1 518.74
v 475.33 534.1 519.38
v 477.94 531.49 519.33
v 479.18 531.49 519.67
v 480.55 530.85 519.67
v 476.99 534.1 519.67
v 477.94 533.46 519.67
v 480.55 531.49 519.73
v 477.94 534.1 519.82
v 480.55 534.1 520
v 483.16 525.04 519.67
v 483.16 526.26 519.03
v 485.12 526.26 519.67
v 483.16 528.88 518.76
v 485.78 526.9 519.67
v 485.78 528.88 519.24
v 486.43 528.88 519.67
v 481.22 531.49 519.67
v 483.16 531.49 519.32
v 485.78 531.49 519.45
v 483.16 533.12 519.67
v 485.78 532.59 519.67
v 486.26 531.49 519.67
v 485.78 523.72 522.29
v 485.78 526.26 520.08
v 488.39 526.03 522.29
v 488.39 526.26 522.2
v 488.51 526.26 522.29
v 488.39 528.88 521.77
v 488.74 528.88 522.29
v 491 526.26 523.92
v 491 528.88 524.58
v 483.16 534.1 520
v 485.78 534.1 520.43
v 488.2 531.49 522.29
v 488.39 530.75 522.29
v 487.3 534.1 522.29
v 488.39 531.49 522.85
v 490.05 531.49 524.9
v 491 529.88 524.9
v 488.39 534.1 524.8
v 488.48 534.1 524.9
v 458.85 536.71 506.61
v 459.65 535.57 506.61
v 457 539.33 506.61
v 457.04 539.28 506.61
v 457.04 539.33 504.65
v 459.07 536.71 509.23
v 459.65 535.81 509.23
v 457.04 539.33 507.55
v 457.27 539.33 509.23
v 455.47 541.94 506.61
v 454.94 544.55 506.61
v 455.87 541.94 509.23
v 457.04 539.69 509.23
v 455.35 544.55 509.23
v 459.65 536.71 511.71
v 458.01 539.33 511.84
v 459.65 536.77 511.84
v 459.19 539.33 514.45
v 459.65 538.44 514.45
v 456.85 541.94 511.84
v 457.04 541.31 511.84
v 456.46 544.55 511.84
v 457.04 541.94 512.32
v 458.04 541.94 514.45
v 457.04 544.55 512.99
v 457.79 544.55 514.45
v 470.1 536.71 504.98
v 469.66 539.33 506.61
v 470.1 538.73 506.61
v 470.1 539.33 507.67
v 467.49 541.94 505.66
v 467.81 541.94 506.61
v 466.14 544.55 506.61
v 467.49 542.42 506.61
v 468.08 541.94 509.23
v 470.1 539.71 509.23
v 466.06 544.55 509.23
v 467.49 542.64 509.23
v 459.69 536.71 511.84
v 460.85 536.71 514.45
v 462.26 535.23 514.45
v 469.51 539.33 514.45
v 470.1 538.93 514.45
v 470.1 539.33 512.87
v 462.24 544.55 514.45
v 462.26 544.52 514.45
v 462.26 544.55 514.43
v 464.88 542.05 514.45
v 464.88 544.55 511.87
v 467.36 541.94 511.84
v 467.49 541.82 511.84
v 467.49 541.94 511.56
v 470.1 539.55 511.84
v 464.9 544.55 511.84
v 465.03 541.94 514.45
v 467.49 540.43 514.45
v 454.89 547.16 506.61
v 455.02 549.78 506.61
v 455.28 547.16 509.23
v 455.73 549.78 509.23
v 455.2 552.39 506.61
v 455.04 555 506.61
v 456.24 552.39 509.23
v 455.87 555 509.23
v 456.44 547.16 511.84
v 457.04 549.41 511.84
v 457.04 549.78 511.66
v 457.2 549.78 511.84
v 457.04 547.16 512.65
v 459.65 546.67 514.45
v 459.65 547.16 514.17
v 459.65 549.78 513.59
v 457.04 552.39 510.79
v 457.76 552.39 511.84
v 457.04 555 511.16
v 457.56 555 511.84
v 459.65 552.39 513.92
v 459.65 555 514
v 464.88 547.16 506.48
v 464.13 549.78 506.61
v 464.88 547.23 506.61
v 464.68 547.16 509.23
v 464.88 546.7 509.23
v 464.88 547.16 508.31
v 464.01 549.78 509.23
v 464.9 547.16 506.61
v 462.26 552.39 504.01
v 463.47 552.39 506.61
v 462.26 555 506.13
v 462.43 555 506.61
v 463.53 552.39 509.23
v 462.61 555 509.23
v 463.27 547.16 511.84
v 464.88 544.58 511.84
v 462.92 549.78 511.84
v 462.26 547.16 512.73
v 462.26 549.78 512.62
v 462.87 552.39 511.84
v 462.07 555 511.84
v 462.26 554.6 511.84
v 462.26 555 511.15
v 462.26 552.39 513.2
v 459.65 539.33 515.29
v 459.56 541.94 517.06
v 459.65 541.57 517.06
v 459.23 544.55 517.06
v 458.74 541.94 519.67
v 459.65 540.36 519.67
v 457.45 544.55 519.67
v 451.81 536.71 523.96
v 454.43 536.71 523.58
v 451.81 539.33 523.85
v 454.43 539.33 523.28
v 459.46 536.71 522.29
v 459.65 536.54 522.29
v 459.65 536.71 522.23
v 457.05 539.33 522.29
v 459.65 539.33 520.61
v 457.04 536.71 522.98
v 457.04 539.33 522.3
v 451.81 541.94 523.64
v 454.43 541.94 522.86
v 451.81 544.55 523.46
v 454.43 544.55 522.4
v 455.66 541.94 522.29
v 457.04 539.35 522.29
v 457.04 541.94 521.46
v 454.62 544.55 522.29
v 457.04 544.55 520.26
v 462.26 536.71 516.36
v 463 536.71 517.06
v 464.88 535.2 517.06
v 460.8 539.33 517.06
v 462.26 537.47 517.06
v 464.88 536.71 518.47
v 460.86 539.33 519.67
v 462.26 538.6 519.67
v 464.88 536.95 519.67
v 467.49 534.18 517.06
v 466.53 539.33 517.06
v 467.49 538.94 517.06
v 467.49 539.33 516.44
v 470.1 537.26 517.06
v 465.43 536.71 519.67
v 467.49 536.1 519.67
v 466.29 539.33 519.67
v 467.49 538.26 519.67
v 470.1 536.78 519.67
v 462.34 541.94 517.06
v 464.88 540.06 517.06
v 464.88 541.94 514.55
v 460.39 544.55 517.06
v 462.26 542.03 517.06
v 464.17 541.94 519.67
v 464.88 540.71 519.67
v 462.26 544.55 518.96
v 463.64 544.55 519.67
v 462.26 534.86 522.29
v 462.26 536.71 521.53
v 464.88 536.71 520.3
v 467.49 539.33 520.37
v 470.1 539.33 520.94
v 464.88 541.94 520.01
v 464.88 544.55 520.15
v 467.49 541.94 521.17
v 470.1 541.94 521.56
v 467.49 544.55 521.14
v 470.1 544.55 521.48
v 459.65 544.96 517.06
v 456.47 547.16 519.67
v 457.04 545.36 519.67
v 457.04 547.16 518.76
v 459.65 547.16 517.74
v 457.04 549.38 519.67
v 457.41 549.78 519.67
v 459.65 549.78 518.57
v 459.65 552.25 519.67
v 454.27 547.16 522.29
v 454.43 545.14 522.29
v 454.43 547.16 522.18
v 454.43 548.08 522.29
v 451.81 547.16 523.49
v 451.81 549.78 523.89
v 454.43 549.78 522.82
v 455.18 549.78 522.29
v 457.04 549.78 520.18
v 451.81 552.39 524.61
v 454.43 552.39 524.12
v 451.81 553.45 524.9
v 453.82 555 524.9
v 454.43 555 524.74
v 457.04 551.7 522.29
v 457.68 552.39 522.29
v 459.65 552.39 519.74
v 459.65 554.9 522.29
v 457.04 552.39 522.99
v 457.04 555 523.54
v 459.65 555 522.38
v 462.26 547.16 519.12
v 463.63 547.16 519.67
v 462.26 549.78 518.9
v 464.88 549.67 519.67
v 464.88 549.78 519.64
v 464.98 549.78 519.67
v 459.74 552.39 519.67
v 462.26 552.39 518.83
v 464.88 552.39 519.49
v 462.26 553.17 519.67
v 464.88 552.86 519.67
v 467.49 552.1 519.67
v 467.49 552.39 519.62
v 470.1 551.98 519.67
v 470.1 552.39 519.54
v 467.3 555 519.67
v 467.49 555 519.55
v 470.1 555 518.62
v 464.88 547.16 520.04
v 467.49 547.16 520.7
v 470.1 547.16 520.95
v 467.49 549.78 520.2
v 470.1 549.78 520.33
v 462.26 554.75 522.29
v 463.66 555 522.29
v 464.88 555 521.43
v 462.26 555 522.64
v 471.62 536.71 506.61
v 472.71 535.21 506.61
v 472.71 536.71 508.79
v 472.84 536.71 509.23
v 470.46 539.33 509.23
v 472.71 536.86 509.23
v 473.11 536.71 511.84
v 470.35 539.33 511.84
v 472.71 537.12 511.84
v 472.52 536.71 514.45
v 472.71 536.52 514.45
v 472.71 536.71 513.88
v 470.74 536.71 517.06
v 470.86 536.71 519.67
v 472.71 535.93 519.67
v 475.33 534.76 519.67
v 472.71 536.71 520.07
v 475.33 536.71 520.41
v 472.71 539.33 521.08
v 475.33 539.33 521.1
v 477.94 536.71 520.54
v 480.55 536.71 520.63
v 477.94 539.33 521.09
v 480.55 539.33 521.25
v 472.71 541.94 521.61
v 475.33 541.94 521.48
v 472.71 544.55 521.53
v 475.33 544.55 521.38
v 477.94 541.94 521.19
v 480.55 541.94 521.36
v 477.94 544.55 521.09
v 480.55 544.55 521.21
v 483.16 536.71 520.9
v 485.77 536.71 522.29
v 485.78 536.71 522.29
v 483.16 539.33 521.91
v 483.83 539.33 522.29
v 485.78 536.71 522.29
v 485.78 539.33 524.1
v 487.36 536.71 524.9
v 488.39 534.32 524.9
v 486.52 539.33 524.9
v 483.16 541.94 522.16
v 483.42 541.94 522.29
v 483.16 544.55 521.84
v 484.2 544.55 522.29
v 485.78 541.94 524.18
v 485.78 544.55 523.37
v 486.57 541.94 524.9
v 487.73 544.55 524.9
v 472.71 552.18 519.67
v 472.71 552.39 519.6
v 475.33 551.95 519.67
v 475.33 552.39 519.48
v 472.71 555 518.39
v 475.33 555 517.94
v 477.94 551.68 519.67
v 477.94 552.39 519.28
v 480.55 551.23 519.67
v 480.55 552.39 519.05
v 477.94 555 517.45
v 480.55 555 517.22
v 472.71 547.16 521.01
v 475.33 547.16 520.94
v 472.71 549.78 520.41
v 475.33 549.78 520.4
v 477.94 547.16 520.91
v 480.55 547.16 520.93
v 477.94 549.78 520.38
v 480.55 549.78 520.24
v 483.16 551.33 519.67
v 483.16 552.39 519.14
v 485.37 552.39 519.67
v 483.16 555 517.39
v 485.78 552.66 519.67
v 485.78 555 518.27
v 488.39 554.61 519.67
v 488.39 555 519.44
v 489.02 555 519.67
v 483.16 547.16 521.25
v 485.78 546.8 522.29
v 485.78 547.16 522.08
v 483.16 549.78 520.29
v 485.78 549.78 520.88
v 486.28 547.16 522.29
v 488.39 548.72 522.29
v 488.39 549.78 521.82
v 489.92 549.78 522.29
v 488.39 545.45 524.9
v 488.39 547.16 523.48
v 490.97 547.16 524.9
v 491 547.17 524.9
v 491 549.78 522.48
v 485.78 552.39 519.8
v 488.39 552.39 520.79
v 491 550.09 522.29
v 491 552.39 521.3
v 491 555 520.19
v 483.16 515.81 525.77
v 485.78 515.81 526.31
v 485.78 518.42 526
v 488.39 515.81 526.06
v 491 515.81 525.31
v 488.39 518.42 525.93
v 491 518.42 525.42
v 488.39 521.04 525.38
v 491 521.04 525.25
v 491 531.49 525.5
v 491 534.1 526.43
v 451.81 555 525.18
v 488.39 536.71 525.93
v 491 536.71 527.13
v 488.39 539.33 526.43
v 490.98 539.33 527.51
v 491 539.25 527.51
v 491 539.33 527.52
v 488.39 541.94 526.29
v 491 541.85 527.51
v 491 541.94 527.51
v 488.39 544.55 525.43
v 491 544.55 526.78
v 491 547.16 524.91
v 492.21 515.81 524.9
v 493.61 515.81 524.36
v 496.23 515.81 523.33
v 492.65 518.42 524.9
v 493.61 518.42 524.57
v 496.23 518.42 523.63
v 498.84 514.1 522.29
v 499.51 515.81 522.29
v 501.45 515.81 521.66
v 501.45 517.98 522.29
v 498.84 515.81 522.48
v 498.84 518.42 522.95
v 501.45 518.42 522.42
v 492.44 521.04 524.9
v 493.61 521.04 524.6
v 496.23 521.04 523.81
v 493.61 523.65 524.56
v 496.23 523.65 524.53
v 498.84 521.04 523.49
v 501.45 521.04 523.4
v 498.84 523.65 524.66
v 501.45 523.65 524.74
v 506.54 515.81 519.67
v 506.68 515.81 519.62
v 506.68 515.95 519.67
v 510.21 515.81 517.06
v 511.9 515.81 515.35
v 511.62 518.42 517.06
v 511.9 518.42 516.65
v 509.29 515.81 517.92
v 508.94 518.42 519.67
v 509.29 518.42 519.44
v 511.9 519.09 517.06
v 509.29 518.96 519.67
v 510.12 521.04 519.67
v 511.9 521.04 518.01
v 511.37 523.65 519.67
v 511.9 523.65 519.25
v 504.06 515.81 520.67
v 502.01 518.42 522.29
v 504.06 518.42 521.73
v 506.68 518.42 520.91
v 504.06 519.88 522.29
v 505.55 521.04 522.29
v 506.68 521.04 521.9
v 506.68 522.31 522.29
v 504.06 521.04 522.74
v 504.06 523.65 524.05
v 506.68 523.65 522.75
v 509.29 521.04 520.31
v 507.57 523.65 522.29
v 509.29 523.65 521.24
v 493.2 526.26 524.9
v 493.61 525.83 524.9
v 496.23 524.47 524.9
v 491.5 528.88 524.9
v 498.84 524.09 524.9
v 501.45 523.99 524.9
v 511.9 524.39 519.67
v 504.06 525.57 524.9
v 504.62 526.26 524.9
v 506.68 526.26 523.8
v 506.33 528.88 524.9
v 506.68 528.88 524.72
v 509.29 526.17 522.29
v 509.36 526.26 522.29
v 511.9 526.26 520.74
v 511.09 528.88 522.29
v 511.9 528.88 521.84
v 509.29 526.26 522.32
v 509.29 528.88 523.26
v 506.68 529.56 524.9
v 511.9 530.58 522.29
v 507.46 531.49 524.9
v 509.29 531.49 524.07
v 511.9 531.49 522.48
v 508.47 534.1 524.9
v 509.29 534.1 524.55
v 511.9 534.1 522.95
v 521.5 515.81 509.23
v 522.35 515.81 508.85
v 522.35 517.16 509.23
v 515.99 515.81 511.84
v 517.12 515.81 511.19
v 517.12 517.68 511.84
v 512.75 515.81 514.45
v 514.51 515.81 512.87
v 513.89 518.42 514.45
v 514.51 518.42 513.84
v 517.12 518.42 512.17
v 519.74 515.81 509.96
v 517.97 518.42 511.84
v 519.74 518.42 511.09
v 522.35 518.42 509.69
v 514.51 519.6 514.45
v 515.84 521.04 514.45
v 517.12 521.04 513.84
v 517.12 521.94 514.45
v 519.74 519.65 511.84
v 521.7 521.04 511.84
v 522.35 521.04 511.45
v 522.35 521.49 511.84
v 519.74 521.04 512.83
v 519.74 523.4 514.45
v 520.44 523.65 514.45
v 522.35 523.65 513.56
v 527.45 515.81 506.61
v 527.58 515.81 506.57
v 527.58 516.3 506.61
v 524.96 515.81 507.61
v 523.14 518.42 509.23
v 524.96 518.42 508.16
v 527.58 518.42 506.9
v 530.19 515.81 505.89
v 528.39 518.42 506.61
v 530.19 518.42 506.11
v 524.95 521.04 509.23
v 524.96 521.04 509.21
v 527.58 521.04 507.6
v 524.96 521.06 509.23
v 527.23 523.65 509.23
v 527.58 523.65 508.96
v 529.96 521.04 506.61
v 530.19 521.04 506.54
v 530.19 521.33 506.61
v 532.05 523.65 506.61
v 530.19 523.65 507.3
v 524.47 523.65 511.84
v 524.96 523.65 511.35
v 522.35 525.3 514.45
v 520.52 531.49 514.45
v 522.35 529.08 514.45
v 522.35 531.49 513.7
v 520.31 534.1 514.45
v 522.35 534.1 512.76
v 527.58 524 509.23
v 528.83 526.26 509.23
v 530.19 526.26 507.9
v 529.28 528.88 509.23
v 530.19 528.88 508.14
v 527.49 534.1 509.23
v 527.58 533.99 509.23
v 527.58 534.1 509.11
v 531.41 531.49 506.61
v 529.6 534.1 506.61
v 530.19 533.37 506.61
v 530.19 534.1 506.15
v 528.98 531.49 509.23
v 530.19 531.49 507.63
v 524.96 524.22 511.84
v 526.59 526.26 511.84
v 527.58 526.26 510.82
v 527.35 528.88 511.84
v 527.58 528.88 511.58
v 522.9 526.26 514.45
v 524.96 526.26 513.13
v 522.73 528.88 514.45
v 524.96 528.88 513.65
v 526.89 531.49 511.84
v 527.58 531.49 511.18
v 523.81 534.1 511.84
v 524.96 533.43 511.84
v 524.96 534.1 511.23
v 524.96 531.49 512.98
v 512.77 521.04 517.06
v 514.51 521.04 515.44
v 514.51 523.5 517.06
v 514.64 523.65 517.06
v 517.12 523.65 515.42
v 514.51 523.65 517.16
v 519.74 523.65 514.6
v 516.77 526.26 517.06
v 517.12 526.26 516.81
v 517.12 526.94 517.06
v 513.41 526.26 519.67
v 514.51 526.26 518.84
v 514.51 528.14 519.67
v 514.74 528.88 519.67
v 517.12 528.88 517.55
v 519.74 526.26 515.56
v 522.35 526.26 514.69
v 517.69 528.88 517.06
v 519.74 528.88 515.53
v 522.35 528.88 514.51
v 515.47 531.49 519.67
v 517.12 531.49 518.19
v 516.05 534.1 519.67
v 517.12 534.1 518.64
v 518.2 531.49 517.06
v 519.74 531.49 515.22
v 518.45 534.1 517.06
v 519.74 534.1 515.21
v 514.51 528.88 519.87
v 512.17 531.49 522.29
v 514.51 531.49 520.48
v 512.78 534.1 522.29
v 514.51 534.1 520.96
v 509.29 536.12 524.9
v 509.43 536.71 524.9
v 511.9 536.71 523.3
v 509.52 539.33 524.9
v 511.9 539.33 523.45
v 508.79 541.94 524.9
v 509.29 540.4 524.9
v 509.29 541.94 524.69
v 511.9 541.94 523.29
v 507.89 544.55 524.9
v 509.29 544.55 524.26
v 511.9 544.55 522.86
v 493.61 547.89 524.9
v 493.61 549.78 523.03
v 496.23 548.27 524.9
v 496.23 549.78 523.54
v 498.84 548.29 524.9
v 498.84 549.78 523.6
v 501.45 548.29 524.9
v 501.45 549.78 523.65
v 493.61 550.72 522.29
v 493.61 552.39 521.45
v 496.23 551.42 522.29
v 496.23 552.39 521.74
v 493.61 555 520.42
v 496.23 555 520.55
v 498.84 551.53 522.29
v 498.84 552.39 521.78
v 501.45 551.52 522.29
v 501.45 552.39 521.72
v 498.84 555 520.59
v 501.45 555 520.35
v 504.31 555 519.67
v 506.68 554.07 519.67
v 506.68 555 519.1
v 510.96 552.39 519.67
v 511.9 551.75 519.67
v 511.9 552.39 519.33
v 509.29 553.19 519.67
v 509.29 555 518.61
v 511.9 555 517.75
v 505.32 547.16 524.9
v 506.68 546.23 524.9
v 506.68 547.16 524.46
v 504.06 547.76 524.9
v 504.06 549.78 523.45
v 506.68 549.78 522.79
v 511.45 547.16 522.29
v 511.9 546.54 522.29
v 511.9 547.16 522.07
v 508.41 549.78 522.29
v 509.29 549.25 522.29
v 509.29 549.78 522
v 511.9 549.78 520.77
v 509.29 547.16 523.33
v 504.06 551.3 522.29
v 504.06 552.39 521.48
v 506.68 550.56 522.29
v 506.68 552.39 520.94
v 504.06 555 519.75
v 509.29 552.39 520.23
v 521.99 544.55 506.61
v 522.35 542.62 506.61
v 522.35 544.55 504.05
v 522.28 541.94 509.23
v 522.35 541.57 509.23
v 522.35 541.94 508.65
v 521.81 544.55 509.23
v 522.07 536.71 511.84
v 522.35 535.83 511.84
v 522.35 536.71 511.3
v 521.75 539.33 511.84
v 522.35 539.33 510.27
v 520.38 536.71 514.45
v 520.45 539.33 514.45
v 521.75 541.94 511.84
v 521.41 544.55 511.84
v 520.56 541.94 514.45
v 520.32 544.55 514.45
v 527.26 536.71 506.61
v 527.58 536.42 506.61
v 527.58 536.71 506.28
v 524.39 539.33 506.61
v 524.96 538.66 506.61
v 524.96 539.33 505.68
v 523.63 536.71 509.23
v 524.96 535.78 509.23
v 524.96 536.71 508.25
v 522.85 539.33 509.23
v 530.19 536.71 504.04
v 522.6 541.94 506.61
v 521.58 547.16 506.61
v 520.99 549.78 506.61
v 521.22 547.16 509.23
v 520.53 549.78 509.23
v 519.99 552.39 506.61
v 518.58 555 506.61
v 519.74 552.86 506.61
v 519.46 552.39 509.23
v 519.74 551.83 509.23
v 519.74 552.39 507.71
v 517.94 555 509.23
v 520.64 547.16 511.84
v 519.84 549.78 511.84
v 519.68 547.16 514.45
v 519.74 546.92 514.45
v 519.74 547.16 514.31
v 518.74 549.78 514.45
v 519.74 549.78 512.17
v 515.76 555 514.45
v 517.12 552.81 514.45
v 517.12 555 512.28
v 518.75 552.39 511.84
v 519.74 550.06 511.84
v 517.31 555 511.84
v 517.34 552.39 514.45
v 516.24 536.71 519.67
v 517.12 536.71 518.64
v 516.41 539.33 519.67
v 517.12 539.33 518.83
v 518.3 536.71 517.06
v 519.74 536.71 515.28
v 518.5 539.33 517.06
v 519.74 539.33 515.48
v 516.53 541.94 519.67
v 517.12 541.94 519.08
v 516.41 544.55 519.67
v 517.12 544.55 518.96
v 518.85 541.94 517.06
v 519.74 541.94 515.77
v 518.69 544.55 517.06
v 519.74 544.55 515.48
v 513.35 536.71 522.29
v 514.51 536.71 521.34
v 513.57 539.33 522.29
v 514.51 539.33 521.52
v 513.51 541.94 522.29
v 514.51 541.94 521.51
v 512.97 544.55 522.29
v 514.51 544.55 521.26
v 516.84 549.78 517.06
v 517.12 549.28 517.06
v 517.12 549.78 516.74
v 515.47 547.16 519.67
v 517.12 547.16 518.15
v 513.77 549.78 519.67
v 514.51 548.67 519.67
v 514.51 549.78 519.15
v 518.06 547.16 517.06
v 515.23 552.39 517.06
v 517.12 552.39 514.76
v 513.27 555 517.06
v 514.51 553.5 517.06
v 514.51 555 515.95
v 514.51 552.39 517.74
v 514.51 547.16 520.39
v 493.61 526.26 525.04
v 496.23 526.26 525.72
v 493.61 528.88 525.9
v 496.23 528.88 526.7
v 498.84 526.26 526
v 501.45 526.26 525.92
v 498.84 528.88 527.01
v 501.45 528.88 526.83
v 493.61 531.49 526.6
v 496.23 531.49 527.33
v 493.61 534.1 527.24
v 494.8 534.1 527.51
v 496.23 532.41 527.51
v 496.23 534.1 527.81
v 497.22 531.49 527.51
v 498.84 531 527.51
v 500.55 531.49 527.51
v 501.45 531.49 527.38
v 501.45 532.32 527.51
v 498.84 531.49 527.62
v 498.84 534.1 528.03
v 501.45 534.1 527.69
v 504.06 526.26 525.16
v 504.06 528.88 525.96
v 504.06 531.49 526.57
v 506.68 531.49 525.27
v 502.27 534.1 527.51
v 504.06 534.1 526.97
v 506.68 534.1 525.73
v 492.46 536.71 527.51
v 493.61 535.28 527.51
v 493.61 536.71 527.77
v 496.23 536.71 528.18
v 493.61 539.33 528.12
v 496.23 539.33 528.4
v 498.84 536.71 528.16
v 501.45 536.71 527.75
v 498.84 539.33 528.22
v 501.45 539.33 527.76
v 491.01 541.94 527.51
v 493.61 543.84 527.51
v 493.61 544.55 527.2
v 496.23 544.32 527.51
v 496.23 544.55 527.41
v 493.61 541.94 528.05
v 496.23 541.94 528.27
v 498.84 544.16 527.51
v 498.84 544.55 527.35
v 501.45 542.9 527.51
v 501.45 544.55 527.08
v 498.84 541.94 528.1
v 501.45 541.94 527.66
v 502.52 536.71 527.51
v 504.06 536.71 527.09
v 506.68 536.71 526.23
v 502.58 539.33 527.51
v 504.06 539.33 527.13
v 506.68 539.33 526.25
v 509.29 536.71 524.98
v 509.29 539.33 525.02
v 502.12 541.94 527.51
v 504.06 541.94 527.03
v 506.68 541.94 525.91
v 504.06 544.55 526.49
v 506.68 544.55 525.43
v 493.61 547.16 525.54
v 496.23 547.16 525.8
v 498.84 547.16 525.76
v 501.45 547.16 525.71
v 504.06 547.16 525.28
v 454.32 557.61 506.61
v 454.43 557.31 506.61
v 454.43 557.61 506.37
v 454.14 560.23 506.61
v 454.43 560.23 506.17
v 454.21 557.61 509.23
v 454.43 557.26 509.23
v 453.49 560.23 509.23
v 457.04 557.61 504.2
v 459.65 557.61 505.11
v 457.04 560.23 505.13
v 459.13 560.23 506.61
v 459.65 559.14 506.61
v 459.65 560.23 507.7
v 454.43 561.3 506.61
v 453.67 562.84 509.23
v 454.43 562.84 507.06
v 453.86 565.45 509.23
v 454.43 565.45 506.79
v 454.74 562.84 506.61
v 457.04 562.84 505.9
v 458.29 562.84 506.61
v 454.54 565.45 506.61
v 457.04 565.45 505.75
v 458.34 565.45 506.61
v 459.47 562.84 509.23
v 459.65 561.53 509.23
v 459.29 565.45 509.23
v 454.43 557.61 510.3
v 453.63 560.23 511.84
v 454.43 558.2 511.84
v 454.19 560.23 514.45
v 454.43 559.51 514.45
v 454.89 557.61 511.84
v 457.04 555.82 511.84
v 459.64 560.23 511.84
v 459.65 560.15 511.84
v 459.65 560.23 511.81
v 455.99 557.61 514.45
v 457.04 557.25 514.45
v 458.48 557.61 514.45
v 459.65 557.61 512.79
v 458.81 560.23 514.45
v 453.5 562.84 511.84
v 454.07 565.45 511.84
v 454.01 562.84 514.45
v 454.43 564.51 514.45
v 454.43 565.45 513.22
v 459.3 562.84 511.84
v 458.83 565.45 511.84
v 458.37 562.84 514.45
v 454.9 565.45 514.45
v 457.25 565.45 514.45
v 460.72 557.61 506.61
v 462.26 555.3 506.61
v 461.08 557.61 509.23
v 462.26 555.67 509.23
v 459.95 560.23 509.23
v 460.27 557.61 511.84
v 454.3 568.06 509.23
v 454.43 568.06 506.85
v 454.43 568.53 509.23
v 454.52 568.06 506.61
v 457.04 568.06 505.67
v 458.17 568.06 506.61
v 457.04 570.05 506.61
v 458.78 568.06 509.23
v 457.04 570.11 509.23
v 451.81 574.89 506.61
v 454.28 575.9 506.61
v 451.81 574.1 509.23
v 454.43 575.15 509.23
v 454.43 575.9 507.18
v 455.25 575.9 509.23
v 454.43 566.61 511.84
v 454.43 568.06 510.2
v 455.14 568.06 511.84
v 457.47 568.06 511.84
v 457.04 568.39 511.84
v 457.04 565.75 514.45
v 457.04 568.06 512.16
v 450.82 573.29 511.84
v 451.81 573.05 511.84
v 451.81 573.29 511.35
v 454.07 573.29 511.84
v 454.43 573.49 511.84
v 451.81 571.6 514.45
v 454.43 571.88 514.45
v 454.43 573.29 512.16
v 456.96 575.9 511.84
v 455.88 573.29 514.45
v 457.04 574.59 514.45
v 457.04 575.9 511.93
v 459.07 575.9 514.45
v 454.34 560.23 517.06
v 454.43 559.33 517.06
v 454.43 560.23 519.64
v 455.27 557.61 517.06
v 457.04 556.64 517.06
v 458.36 557.61 517.06
v 457.97 560.23 517.06
v 455.15 557.61 519.67
v 457.04 556.21 519.67
v 457.89 557.61 519.67
v 457.04 559.81 519.67
v 457.04 560.23 519.26
v 454.43 561.28 517.06
v 454.43 562.84 515.55
v 457.04 562.23 517.06
v 457.04 562.84 516.49
v 457.04 565.45 514.71
v 454.13 560.23 522.29
v 454.43 559.86 522.29
v 454.43 560.23 521.8
v 452.4 557.61 524.9
v 454.43 557.61 524.21
v 451.81 557.75 524.9
v 451.81 560.23 523.4
v 457.04 557.61 520.72
v 455.97 560.23 522.29
v 457.04 557.61 522.44
v 459.65 557.61 524.27
v 457.04 560.23 523.64
v 458.79 560.23 524.9
v 459.65 559.1 524.9
v 450.4 562.84 522.29
v 451.81 561.89 522.29
v 451.81 562.84 521.92
v 454.43 562.84 521.92
v 451.81 565.45 520.84
v 454.43 565.45 521.5
v 455.08 562.84 522.29
v 455.5 565.45 522.29
v 457.04 562.84 524.22
v 457.79 562.84 524.9
v 457.04 565.45 523.7
v 458.77 565.45 524.9
v 467.49 555.49 519.67
v 468.52 557.61 519.67
v 470.1 557.61 518.4
v 469.49 560.23 519.67
v 470.1 560.23 518.99
v 469.41 562.84 519.67
v 470.1 562.84 518.99
v 468.68 565.45 519.67
v 470.1 565.45 518.06
v 464.88 555.66 522.29
v 461.45 557.61 524.9
v 462.26 557.46 524.9
v 463.48 557.61 524.9
v 464.88 557.61 524.37
v 464.88 558.46 524.9
v 466.89 557.61 522.29
v 467.49 557.61 521.27
v 467.49 558.68 522.29
v 467.75 560.23 522.29
v 465.65 560.23 524.9
v 467.49 560.23 522.78
v 463.18 565.45 524.9
v 464.88 562.85 524.9
v 464.88 565.45 523.77
v 467.38 562.84 522.29
v 467.49 562.48 522.29
v 467.49 562.84 522.13
v 466.52 565.45 522.29
v 467.49 565.45 521.2
v 464.88 562.84 524.9
v 451.81 570.53 517.06
v 451.81 570.67 516.53
v 454.43 570.59 517.06
v 454.43 570.67 516.78
v 451.16 568.06 519.67
v 451.81 568.18 519.67
v 454.43 568.96 519.67
v 454.66 570.67 517.06
v 456.5 570.67 519.67
v 457.04 573.13 517.06
v 457.04 573.29 516.78
v 457.2 573.29 517.06
v 459.65 574.99 517.06
v 459.65 575.9 515.22
v 457.04 571.32 519.67
v 459.65 573.03 519.67
v 459.65 573.29 519.32
v 451.81 568.06 519.72
v 454.43 568.06 520.27
v 456.91 568.06 522.29
v 457.04 568.23 522.29
v 457.04 570.67 520.38
v 459.65 570.25 522.29
v 459.65 570.67 521.98
v 457.04 568.06 522.38
v 459.65 566.31 524.9
v 459.65 568.06 523.94
v 469.94 568.06 517.06
v 470.1 567.6 517.06
v 470.1 568.06 516.92
v 469.77 570.67 517.06
v 470.1 570.67 516.64
v 467.89 568.06 519.67
v 467.3 570.67 519.67
v 467.49 569.96 519.67
v 467.49 570.67 519.51
v 462.26 575.71 517.06
v 462.26 575.9 516.66
v 464.88 575.67 517.06
v 464.88 575.9 516.61
v 460.36 573.29 519.67
v 462.26 573.73 519.67
v 464.88 573.3 519.67
v 469.36 573.29 517.06
v 470.1 573.29 516.28
v 467.49 575.03 517.06
v 467.49 575.9 516.11
v 470.1 575.9 514.62
v 464.9 573.29 519.67
v 467.49 573.29 518.42
v 462.26 570.52 522.29
v 462.26 570.67 522.19
v 464.88 568.62 522.29
v 464.88 570.67 521.33
v 462.26 566.31 524.9
v 462.26 568.06 523.94
v 464.88 568.06 522.54
v 465.25 568.06 522.29
v 467.49 568.06 520.24
v 462.26 573.29 520.09
v 464.88 573.29 519.68
v 478.61 565.45 506.61
v 480.55 564.15 506.61
v 480.55 565.45 505.56
v 479.02 562.84 509.23
v 480.55 562.25 509.23
v 480.55 562.84 508.2
v 476.56 565.45 509.23
v 477.94 563.73 509.23
v 477.94 565.45 507.25
v 476.16 560.23 514.45
v 477.94 559.06 514.45
v 477.94 560.23 513.56
v 480.55 558.43 514.45
v 480.55 560.23 512.39
v 475.06 565.45 511.84
v 475.33 565.03 511.84
v 475.33 565.45 511.37
v 474.74 562.84 514.45
v 475.33 561.6 514.45
v 475.33 562.84 513.85
v 473.34 565.45 514.45
v 477.15 562.84 511.84
v 477.94 562.04 511.84
v 477.94 562.84 510.71
v 480.55 560.6 511.84
v 483.16 563.57 506.61
v 483.16 565.45 504.81
v 485.78 563.74 506.61
v 485.78 565.45 504.71
v 483.16 561.83 509.23
v 483.16 562.84 507.52
v 485.78 562.18 509.23
v 485.78 562.84 507.93
v 488.39 564.44 506.61
v 488.39 565.45 505.1
v 491 564.97 506.61
v 491 565.45 505.76
v 487.79 562.84 509.23
v 488.39 563.02 509.23
v 491 563.68 509.23
v 483.16 558.68 514.45
v 483.16 560.23 512.45
v 485.78 559.36 514.45
v 485.78 560.23 513.24
v 488.32 560.23 514.45
v 483.16 560.52 511.84
v 485.78 560.92 511.84
v 488.39 561.79 511.84
v 488.39 562.84 509.61
v 491 562.69 511.84
v 491 562.84 511.43
v 488.39 560.26 514.45
v 491 561.34 514.45
v 474.97 570.67 506.61
v 475.33 570.07 506.61
v 475.33 570.67 506.12
v 474.99 568.06 509.23
v 475.33 567.44 509.23
v 475.33 568.06 508.52
v 473.65 570.67 509.23
v 476.59 568.06 506.61
v 477.94 566.24 506.61
v 477.94 568.06 505.37
v 473.53 573.29 506.61
v 475.33 573.29 504.42
v 471.86 575.9 506.61
v 472.71 574.88 506.61
v 472.71 575.9 505.8
v 472.69 573.29 509.23
v 472.71 573.21 509.23
v 472.71 573.29 508.81
v 471.16 575.9 509.23
v 473.77 568.06 511.84
v 472.87 570.67 511.84
v 472.38 568.06 514.45
v 472.71 567.01 514.45
v 472.71 568.06 513.9
v 471.67 570.67 514.45
v 472.71 570.67 512.33
v 472.46 573.29 511.84
v 472.71 571.48 511.84
v 471.59 575.9 511.84
v 471.44 573.29 514.45
v 470.3 575.9 514.45
v 473.4 557.61 517.06
v 475.33 556.4 517.06
v 475.33 557.61 516.38
v 472.57 560.23 517.06
v 472.71 559.14 517.06
v 472.71 560.23 516.97
v 475.33 560.23 515.01
v 472.71 557.61 517.31
v 477.94 555.59 517.06
v 477.94 557.61 515.59
v 480.55 555.23 517.06
v 480.55 557.61 515.17
v 472.17 562.84 517.06
v 472.71 562.84 516.59
v 471.14 565.45 517.06
v 472.71 565.45 515.37
v 483.16 555.47 517.06
v 483.16 557.61 515.36
v 485.78 556.59 517.06
v 485.78 557.61 516.18
v 487.89 557.61 517.06
v 488.39 557.83 517.06
v 488.39 560.23 514.5
v 491 559.1 517.06
v 491 560.23 515.93
v 488.39 557.61 517.27
v 491 555.96 519.67
v 491 557.61 518.42
v 454.43 576 506.61
v 457.04 577.66 506.61
v 459.65 578.26 506.61
v 457.04 577.24 509.23
v 459.65 578.15 509.23
v 457.04 575.95 511.84
v 459.65 577.12 511.84
v 459.65 576.14 514.45
v 462.26 578.37 506.61
v 463.49 578.51 506.61
v 464.88 578.65 506.61
v 462.26 578.26 509.23
v 464.88 578.43 509.23
v 464.88 578.51 508.23
v 467.63 578.51 506.61
v 470.1 577.25 506.61
v 470.1 578.51 504.16
v 467.49 578.54 506.61
v 467.49 578.23 509.23
v 467.49 578.51 506.74
v 470.1 576.93 509.23
v 462.26 577.59 511.84
v 464.88 577.89 511.84
v 462.26 576.73 514.45
v 464.88 576.92 514.45
v 467.49 577.84 511.84
v 470.1 577.08 511.84
v 467.49 576.86 514.45
v 470.1 576.03 514.45
v 451.81 557.61 524.95
v 459.65 560.23 525.3
v 459.65 562.84 525.8
v 459.65 565.45 525.24
v 462.26 557.61 524.99
v 462.26 560.23 525.91
v 464.88 560.23 525.33
v 462.26 562.84 525.95
v 464.88 562.84 524.9
v 462.26 565.45 525.25
v 493.61 565.41 506.61
v 493.61 565.45 506.52
v 493.84 565.45 506.61
v 493.61 564.32 509.23
v 496.23 564.92 509.23
v 496.23 565.45 507.5
v 498.84 565.01 509.23
v 498.84 565.45 507.52
v 501.45 565.02 509.23
v 501.45 565.45 507.66
v 491.6 562.84 511.84
v 493.61 563.34 511.84
v 496.23 563.98 511.84
v 493.61 562.04 514.45
v 493.61 562.84 513.05
v 496.23 562.67 514.45
v 496.23 562.84 514.17
v 498.84 564.32 511.84
v 501.45 564.34 511.84
v 497.16 562.84 514.45
v 498.84 563.01 514.45
v 501.45 563.06 514.45
v 504.06 565.03 509.23
v 504.06 565.45 507.87
v 506.68 564.53 509.23
v 506.68 565.45 506.78
v 506.96 565.45 506.61
v 509.29 564.67 506.61
v 509.29 565.45 504.74
v 511.9 563 506.61
v 510.89 562.84 509.23
v 511.9 562.08 509.23
v 511.9 562.84 506.97
v 509.29 563.59 509.23
v 509.98 560.23 514.45
v 511.9 558.98 514.45
v 511.9 560.23 512.89
v 504.06 564.18 511.84
v 506.68 563.47 511.84
v 503.61 562.84 514.45
v 504.06 562.73 514.45
v 504.06 562.84 514.31
v 506.68 561.79 514.45
v 506.68 562.84 513.1
v 508.43 562.84 511.84
v 509.29 562.51 511.84
v 509.29 562.84 511.14
v 511.9 560.9 511.84
v 509.29 560.57 514.45
v 496.23 565.77 506.61
v 498.84 565.81 506.61
v 501.45 565.87 506.61
v 504.06 565.9 506.61
v 506.68 565.52 506.61
v 493.61 560 517.06
v 493.61 560.23 516.81
v 494.55 560.23 517.06
v 493.61 556.68 519.67
v 493.61 557.61 519.12
v 496.23 557.17 519.67
v 496.23 557.61 519.46
v 496.23 560.23 517.47
v 498.84 557.37 519.67
v 498.84 557.61 519.56
v 501.45 556.6 519.67
v 501.45 557.61 519.14
v 498.84 560.23 517.7
v 501.45 560.23 517.4
v 496.23 560.61 517.06
v 498.84 560.89 517.06
v 498.84 562.84 514.72
v 501.45 560.69 517.06
v 501.45 562.84 514.78
v 503.23 560.23 517.06
v 504.06 559.89 517.06
v 504.06 560.23 516.85
v 506.68 558.81 517.06
v 506.68 560.23 515.98
v 504.06 555.14 519.67
v 504.06 557.61 518.34
v 506.68 557.61 517.69
v 509.39 557.61 517.06
v 511.9 556.14 517.06
v 511.9 557.61 515.9
v 509.29 557.66 517.06
v 509.29 560.23 514.82
v 509.29 557.61 517.1
v 517.08 557.61 506.61
v 517.12 557.53 506.61
v 517.12 557.61 506.5
v 514.98 560.23 506.61
v 516.3 557.61 509.23
v 517.12 556.35 509.23
v 513.98 560.23 509.23
v 514.51 559.73 509.23
v 514.51 560.23 507.65
v 512.09 562.84 506.61
v 514.51 560.66 506.61
v 515.31 557.61 511.84
v 517.12 555.29 511.84
v 512.71 560.23 511.84
v 514.51 558.44 511.84
v 513.55 557.61 514.45
v 514.51 556.61 514.45
v 514.51 557.61 513.16
v 466.14 538.03 518.76
v 466.08 537.88 519.9
# 2767 vertices
# Face Definitions
f 208 210 209
f 211 212 208
f 208 212 210
f 209 210 213
f 209 213 2
f 209 2 1
f 3 2 214
f 214 2 215
f 215 2 213
f 216 213 210
f 210 212 216
f 217 215 213
f 213 216 217
f 218 212 211
f 219 220 216
f 219 216 218
f 218 216 212
f 221 217 216
f 216 220 221
f 222 220 219
f 223 221 222
f 222 221 220
f 224 226 225
f 225 226 228
f 228 227 225
f 227 228 230
f 230 229 227
f 229 230 231
f 214 215 232
f 232 215 217
f 232 217 234
f 232 234 233
f 233 234 235
f 236 234 217
f 217 221 236
f 235 234 238
f 235 238 237
f 238 234 236
f 239 240 221
f 239 221 223
f 221 240 236
f 241 238 236
f 236 240 241
f 237 238 242
f 242 238 243
f 243 238 241
f 244 245 240
f 240 239 244
f 246 241 245
f 245 241 240
f 247 248 244
f 244 248 245
f 249 246 248
f 248 246 245
f 243 241 246
f 246 250 243
f 250 246 249
f 249 251 250
f 252 248 247
f 253 249 248
f 248 252 253
f 251 249 253
f 254 256 255
f 257 258 254
f 254 258 256
f 259 254 255
f 255 260 259
f 261 257 259
f 259 257 254
f 262 263 257
f 257 263 258
f 264 265 263
f 263 262 264
f 266 268 267
f 267 268 257
f 267 257 261
f 257 268 262
f 269 270 266
f 266 270 268
f 262 268 270
f 270 264 262
f 255 256 272
f 272 271 255
f 271 272 273
f 274 272 258
f 258 272 256
f 273 272 275
f 275 272 274
f 275 274 276
f 260 255 271
f 260 271 224
f 224 271 226
f 273 277 228
f 273 228 271
f 271 228 226
f 275 277 273
f 275 276 278
f 279 230 228
f 228 277 279
f 231 230 280
f 280 230 279
f 278 281 275
f 275 281 279
f 275 279 277
f 280 279 282
f 282 279 281
f 283 274 263
f 263 274 258
f 285 276 274
f 285 274 283
f 285 283 284
f 287 283 265
f 287 265 286
f 265 283 263
f 284 283 287
f 284 288 285
f 286 289 287
f 287 289 290
f 287 290 284
f 284 290 288
f 278 276 285
f 292 281 285
f 292 285 291
f 291 285 288
f 285 281 278
f 282 281 292
f 291 288 290
f 290 293 291
f 294 265 264
f 295 296 269
f 269 296 270
f 264 270 296
f 264 296 294
f 294 296 297
f 298 299 295
f 295 299 296
f 300 297 296
f 296 299 300
f 301 302 298
f 298 302 299
f 303 300 299
f 299 302 303
f 304 305 302
f 302 301 304
f 306 303 302
f 302 305 306
f 286 265 294
f 294 297 307
f 294 307 286
f 286 307 289
f 309 290 307
f 309 307 308
f 307 290 289
f 310 307 300
f 300 307 297
f 308 307 311
f 311 307 310
f 293 290 309
f 313 310 303
f 313 303 312
f 303 310 300
f 311 310 313
f 312 303 314
f 314 303 306
f 315 317 316
f 318 5 4
f 316 317 320
f 320 319 316
f 319 320 318
f 318 320 6
f 318 6 5
f 321 323 322
f 324 8 7
f 322 323 326
f 326 325 322
f 325 326 9
f 325 9 324
f 324 9 8
f 327 329 328
f 330 332 331
f 331 332 11
f 11 10 331
f 333 13 12
f 328 329 330
f 328 330 334
f 334 330 331
f 334 331 333
f 333 331 13
f 13 331 10
f 335 337 336
f 336 337 339
f 339 338 336
f 340 341 337
f 337 335 340
f 322 339 321
f 321 339 341
f 341 339 337
f 342 335 343
f 343 335 336
f 343 336 338
f 343 338 327
f 327 338 329
f 344 340 342
f 342 340 335
f 338 339 345
f 338 345 330
f 330 345 332
f 7 11 324
f 324 11 345
f 345 11 332
f 325 345 339
f 339 322 325
f 324 345 325
f 330 329 338
f 346 348 347
f 349 351 350
f 352 354 353
f 355 349 350
f 355 350 354
f 355 354 352
f 356 357 351
f 351 349 356
f 358 346 347
f 358 347 356
f 356 347 357
f 359 356 355
f 355 356 349
f 360 362 361
f 361 362 359
f 359 362 358
f 359 358 356
f 363 365 364
f 366 368 367
f 367 368 369
f 367 369 321
f 321 369 323
f 370 371 368
f 368 366 370
f 364 369 371
f 364 371 363
f 371 369 368
f 372 374 373
f 373 374 15
f 15 14 373
f 364 365 375
f 364 375 372
f 372 375 374
f 16 15 375
f 375 15 374
f 373 326 372
f 372 326 323
f 372 323 369
f 14 9 326
f 326 373 14
f 372 369 364
f 376 377 363
f 363 377 365
f 378 380 379
f 379 380 377
f 379 377 376
f 377 380 316
f 316 380 315
f 381 382 371
f 371 370 381
f 363 371 376
f 376 371 382
f 347 348 378
f 347 378 381
f 381 378 379
f 381 379 382
f 376 382 379
f 383 375 377
f 377 375 365
f 4 16 375
f 4 375 318
f 318 375 383
f 319 383 377
f 377 316 319
f 318 383 319
f 384 366 367
f 384 367 341
f 384 341 340
f 321 341 367
f 350 351 370
f 350 370 384
f 384 370 366
f 353 354 340
f 353 340 344
f 340 354 384
f 384 354 350
f 370 351 357
f 357 381 370
f 381 357 347
f 17 18 385
f 385 18 386
f 385 386 387
f 387 386 388
f 389 391 390
f 19 17 385
f 385 392 19
f 392 385 389
f 389 385 387
f 389 387 391
f 387 388 394
f 394 393 387
f 393 394 396
f 396 395 393
f 390 391 397
f 397 391 398
f 397 398 399
f 393 398 387
f 387 398 391
f 399 398 393
f 399 393 395
f 399 395 400
f 395 396 402
f 402 401 395
f 401 402 403
f 400 395 404
f 404 395 401
f 404 401 403
f 404 403 405
f 405 403 406
f 405 406 408
f 408 407 405
f 407 408 409
f 20 21 411
f 411 410 20
f 410 411 413
f 413 412 410
f 22 23 415
f 415 414 22
f 414 415 417
f 417 416 414
f 410 415 23
f 23 20 410
f 412 417 415
f 415 410 412
f 412 413 419
f 419 418 412
f 418 419 420
f 420 419 421
f 416 417 422
f 422 417 423
f 422 423 424
f 424 423 425
f 418 423 417
f 417 412 418
f 420 425 423
f 423 418 420
f 426 411 24
f 24 411 21
f 427 413 426
f 426 413 411
f 26 426 24
f 24 25 26
f 27 427 26
f 26 427 426
f 428 419 427
f 427 419 413
f 429 421 419
f 419 428 429
f 28 428 27
f 27 428 427
f 29 429 428
f 428 28 29
f 414 386 22
f 22 386 18
f 416 388 414
f 414 388 386
f 422 394 416
f 416 394 388
f 424 396 394
f 394 422 424
f 420 421 430
f 430 421 431
f 430 431 432
f 424 425 434
f 434 433 424
f 433 434 436
f 436 435 433
f 430 434 420
f 420 434 425
f 432 437 436
f 432 436 430
f 430 436 434
f 435 436 438
f 438 436 440
f 438 440 439
f 440 436 437
f 439 440 441
f 442 431 421
f 421 429 442
f 432 431 443
f 443 431 442
f 443 442 444
f 30 442 429
f 429 29 30
f 31 444 442
f 442 30 31
f 443 437 432
f 443 444 445
f 445 444 31
f 31 32 445
f 445 446 440
f 445 440 443
f 443 440 437
f 441 440 446
f 446 447 441
f 32 33 446
f 446 445 32
f 447 446 33
f 33 34 447
f 433 402 396
f 396 424 433
f 403 402 433
f 403 433 435
f 403 435 448
f 448 406 403
f 448 435 449
f 449 435 438
f 449 438 450
f 449 450 451
f 439 450 438
f 451 450 452
f 452 450 439
f 452 439 441
f 452 441 453
f 449 408 406
f 406 448 449
f 409 408 454
f 454 408 455
f 455 408 449
f 455 449 451
f 452 455 451
f 447 456 441
f 441 456 453
f 34 35 447
f 447 35 456
f 452 453 457
f 454 455 458
f 458 455 452
f 458 452 457
f 458 457 459
f 457 453 460
f 460 453 456
f 460 456 36
f 36 456 35
f 459 457 460
f 460 461 459
f 461 460 36
f 36 37 461
f 462 305 304
f 463 306 305
f 305 462 463
f 314 306 463
f 38 39 465
f 465 464 38
f 464 465 466
f 40 38 467
f 467 38 464
f 467 464 466
f 466 468 467
f 469 471 470
f 472 474 473
f 473 474 475
f 473 475 469
f 469 475 471
f 476 478 477
f 479 481 480
f 482 483 479
f 479 483 481
f 484 485 472
f 472 485 474
f 480 475 485
f 480 485 479
f 485 475 474
f 477 478 486
f 477 486 485
f 477 485 484
f 479 485 482
f 482 485 486
f 487 489 488
f 488 489 491
f 491 490 488
f 492 493 487
f 487 493 489
f 494 491 493
f 493 491 489
f 495 497 496
f 496 497 499
f 499 498 496
f 470 471 501
f 501 500 470
f 500 501 502
f 502 501 503
f 496 501 495
f 495 501 475
f 475 501 471
f 498 503 501
f 501 496 498
f 498 499 505
f 505 504 498
f 504 505 506
f 506 505 507
f 502 503 508
f 508 503 509
f 508 509 510
f 510 509 511
f 504 509 503
f 503 498 504
f 506 511 509
f 509 504 506
f 480 481 512
f 480 512 495
f 495 512 497
f 513 499 512
f 512 499 497
f 514 512 483
f 483 512 481
f 515 513 514
f 514 513 512
f 495 475 480
f 488 505 487
f 487 505 513
f 513 505 499
f 490 507 505
f 505 488 490
f 487 513 492
f 492 513 515
f 41 42 516
f 516 42 517
f 516 517 518
f 518 517 519
f 518 519 521
f 521 520 518
f 520 521 523
f 523 522 520
f 43 44 524
f 524 44 525
f 524 525 389
f 524 389 526
f 526 389 390
f 392 525 19
f 19 525 44
f 389 525 392
f 524 517 43
f 43 517 42
f 526 519 524
f 524 519 517
f 526 390 397
f 397 527 526
f 527 397 399
f 527 399 528
f 528 399 529
f 400 529 399
f 527 521 519
f 519 526 527
f 528 523 521
f 521 527 528
f 45 41 516
f 516 530 45
f 530 516 518
f 518 531 530
f 46 45 530
f 530 532 46
f 532 530 531
f 531 533 532
f 531 518 520
f 520 534 531
f 534 520 535
f 535 520 522
f 533 531 534
f 534 536 533
f 536 534 537
f 537 534 535
f 522 523 538
f 528 529 540
f 540 539 528
f 539 540 542
f 542 541 539
f 404 540 529
f 529 400 404
f 405 542 540
f 540 404 405
f 538 523 528
f 538 528 543
f 543 528 539
f 543 539 544
f 544 539 541
f 541 542 546
f 546 545 541
f 545 546 547
f 407 546 542
f 542 405 407
f 547 546 407
f 547 407 548
f 548 407 409
f 548 409 549
f 544 541 550
f 550 541 545
f 550 545 547
f 550 547 552
f 550 552 551
f 548 552 547
f 535 522 538
f 535 538 554
f 535 554 553
f 553 554 556
f 556 555 553
f 537 535 557
f 557 535 553
f 557 553 558
f 558 553 555
f 555 556 559
f 558 555 559
f 558 559 561
f 558 561 560
f 560 561 562
f 543 554 538
f 544 556 554
f 554 543 544
f 559 556 544
f 559 544 550
f 559 550 563
f 563 550 564
f 564 550 551
f 563 561 559
f 562 561 564
f 562 564 565
f 564 561 563
f 454 549 409
f 47 48 567
f 567 566 47
f 566 567 568
f 568 567 569
f 532 567 48
f 48 46 532
f 533 569 567
f 567 532 533
f 49 47 570
f 570 47 566
f 570 566 571
f 571 566 568
f 568 569 573
f 573 572 568
f 572 573 575
f 575 574 572
f 536 573 569
f 569 533 536
f 537 575 573
f 573 536 537
f 571 568 576
f 576 568 572
f 576 572 574
f 574 577 576
f 570 465 39
f 39 49 570
f 466 465 570
f 466 570 578
f 578 570 571
f 468 466 578
f 578 579 468
f 578 571 580
f 580 571 576
f 580 576 581
f 581 576 577
f 579 578 580
f 580 582 579
f 582 580 581
f 581 583 582
f 574 575 584
f 584 575 557
f 584 557 585
f 557 575 537
f 585 557 586
f 586 557 558
f 577 574 584
f 577 584 587
f 587 584 588
f 587 588 589
f 585 588 584
f 589 588 586
f 589 586 590
f 586 588 585
f 586 558 591
f 591 558 560
f 591 560 592
f 592 560 562
f 590 586 593
f 593 586 591
f 593 591 592
f 592 594 593
f 592 562 565
f 565 595 592
f 594 592 596
f 596 592 595
f 581 577 597
f 597 577 587
f 597 587 589
f 589 598 597
f 598 589 590
f 590 599 598
f 583 581 597
f 597 600 583
f 600 597 601
f 601 597 598
f 601 598 602
f 602 598 599
f 599 590 603
f 603 590 593
f 603 593 594
f 603 594 605
f 603 605 604
f 602 599 606
f 606 599 603
f 606 603 607
f 607 603 604
f 596 605 594
f 548 549 608
f 551 552 609
f 609 552 610
f 610 552 548
f 610 548 608
f 564 551 611
f 611 551 609
f 611 609 610
f 610 612 611
f 565 564 613
f 613 564 611
f 613 611 612
f 612 614 613
f 615 617 616
f 618 620 619
f 619 620 615
f 615 620 617
f 617 620 621
f 608 549 454
f 608 454 458
f 608 458 622
f 622 458 623
f 623 458 624
f 624 458 459
f 623 624 625
f 610 608 626
f 626 608 627
f 627 608 622
f 626 627 628
f 623 627 622
f 628 627 629
f 629 627 623
f 629 623 625
f 461 630 459
f 459 630 624
f 625 624 631
f 631 624 630
f 37 50 461
f 461 50 630
f 631 630 51
f 51 630 50
f 629 625 631
f 631 632 629
f 632 631 51
f 51 52 632
f 612 610 633
f 633 610 626
f 633 626 634
f 634 626 628
f 634 628 629
f 629 635 634
f 614 612 636
f 636 612 633
f 636 633 634
f 634 637 636
f 637 634 639
f 637 639 638
f 639 634 635
f 638 639 640
f 635 629 632
f 635 632 641
f 641 632 642
f 52 53 632
f 632 53 642
f 641 639 635
f 641 642 643
f 643 642 54
f 54 642 53
f 640 639 644
f 644 639 641
f 644 641 643
f 644 643 645
f 645 643 54
f 645 54 55
f 645 55 56
f 57 58 646
f 647 649 648
f 650 651 649
f 649 647 650
f 652 653 620
f 620 618 652
f 648 621 620
f 648 620 647
f 647 620 653
f 654 655 652
f 652 655 653
f 647 653 650
f 650 653 655
f 59 60 656
f 657 658 651
f 651 650 657
f 61 62 659
f 659 62 646
f 659 646 658
f 659 658 657
f 646 62 57
f 660 661 654
f 654 661 655
f 650 655 661
f 661 657 650
f 656 60 661
f 656 661 660
f 661 60 659
f 659 60 61
f 657 661 659
f 595 565 662
f 662 565 613
f 662 613 664
f 662 664 663
f 664 613 614
f 663 664 665
f 596 595 662
f 662 666 596
f 666 662 667
f 667 662 663
f 667 663 665
f 667 665 669
f 667 669 668
f 668 669 670
f 670 669 671
f 670 671 673
f 673 672 670
f 604 605 674
f 675 677 676
f 676 677 678
f 676 678 476
f 476 678 478
f 607 604 675
f 675 604 674
f 675 674 677
f 677 674 679
f 680 678 679
f 679 678 677
f 681 682 482
f 482 682 483
f 683 685 684
f 684 685 686
f 684 686 682
f 684 682 681
f 687 486 678
f 678 486 478
f 482 486 681
f 681 486 687
f 684 687 678
f 684 678 683
f 683 678 680
f 681 687 684
f 674 605 596
f 674 596 666
f 674 666 689
f 674 689 688
f 688 689 691
f 691 690 688
f 667 689 666
f 668 691 667
f 667 691 689
f 688 679 674
f 690 680 679
f 679 688 690
f 690 691 683
f 683 691 692
f 683 692 685
f 693 686 692
f 692 686 685
f 670 692 668
f 668 692 691
f 672 693 692
f 692 670 672
f 683 680 690
f 694 696 695
f 697 699 698
f 698 699 700
f 698 700 694
f 694 700 696
f 701 703 702
f 704 706 705
f 705 706 707
f 705 707 701
f 701 707 703
f 695 696 708
f 695 708 493
f 695 493 492
f 702 494 708
f 702 708 701
f 708 494 493
f 705 708 704
f 704 708 700
f 700 708 696
f 701 708 705
f 709 711 710
f 712 713 711
f 711 709 712
f 714 715 697
f 697 715 699
f 710 700 715
f 710 715 709
f 715 700 699
f 672 673 716
f 672 716 714
f 714 716 715
f 709 715 712
f 712 715 716
f 710 711 717
f 710 717 704
f 704 717 706
f 616 707 615
f 615 707 706
f 615 706 717
f 619 717 711
f 619 711 618
f 618 711 713
f 615 717 619
f 704 700 710
f 718 514 682
f 682 514 483
f 695 515 514
f 695 514 694
f 694 514 718
f 698 718 682
f 698 682 686
f 698 686 697
f 694 718 698
f 492 515 695
f 697 686 714
f 714 686 693
f 714 693 672
f 636 664 614
f 665 664 719
f 719 664 720
f 720 664 637
f 637 664 636
f 638 720 637
f 719 669 665
f 719 720 721
f 721 720 638
f 721 638 722
f 722 638 723
f 723 638 640
f 722 723 724
f 724 723 725
f 721 726 669
f 721 669 719
f 669 726 671
f 727 673 726
f 726 673 671
f 722 726 721
f 724 727 722
f 722 727 726
f 644 728 723
f 723 640 644
f 729 725 723
f 723 728 729
f 645 728 644
f 56 63 729
f 56 729 645
f 645 729 728
f 730 731 712
f 712 731 713
f 724 725 733
f 733 732 724
f 732 733 734
f 732 734 730
f 730 734 731
f 735 716 727
f 727 716 673
f 712 716 735
f 735 730 712
f 732 735 727
f 727 724 732
f 730 735 732
f 618 713 731
f 731 652 618
f 652 731 734
f 734 654 652
f 736 733 725
f 725 729 736
f 737 734 736
f 736 734 733
f 64 736 729
f 729 63 64
f 656 737 736
f 656 736 59
f 59 736 64
f 654 734 660
f 660 734 737
f 660 737 656
f 738 740 739
f 739 740 742
f 742 741 739
f 743 745 744
f 744 745 747
f 747 746 744
f 748 750 749
f 749 750 752
f 752 751 749
f 741 742 748
f 748 742 743
f 748 743 750
f 750 743 744
f 746 752 750
f 750 744 746
f 753 755 754
f 754 755 66
f 66 65 754
f 756 758 757
f 757 758 760
f 760 759 757
f 759 760 762
f 762 761 759
f 761 762 68
f 68 67 761
f 763 765 764
f 746 747 766
f 766 747 767
f 766 767 763
f 763 767 768
f 763 768 765
f 751 752 756
f 756 752 769
f 756 769 758
f 764 760 763
f 763 760 758
f 763 758 769
f 766 769 752
f 752 746 766
f 763 769 766
f 764 765 771
f 771 770 764
f 770 771 70
f 70 69 770
f 754 771 753
f 753 771 765
f 753 765 768
f 65 70 771
f 771 754 65
f 770 762 760
f 760 764 770
f 69 68 762
f 762 770 69
f 772 774 773
f 775 777 776
f 778 780 779
f 781 783 782
f 776 777 785
f 785 784 776
f 784 785 781
f 781 785 783
f 783 785 778
f 783 778 779
f 786 788 787
f 789 791 790
f 790 791 792
f 790 792 775
f 775 792 777
f 793 794 789
f 789 794 791
f 787 792 791
f 787 791 794
f 787 794 786
f 795 797 796
f 796 797 798
f 796 798 778
f 778 798 780
f 787 788 799
f 787 799 795
f 795 799 797
f 773 798 799
f 773 799 772
f 799 798 797
f 796 785 795
f 795 785 792
f 792 785 777
f 778 785 796
f 795 792 787
f 800 802 801
f 803 804 800
f 800 804 802
f 805 807 806
f 806 807 804
f 806 804 803
f 804 807 808
f 71 72 805
f 805 72 807
f 73 808 72
f 72 808 807
f 809 810 772
f 772 810 774
f 811 813 812
f 812 813 810
f 812 810 809
f 810 813 814
f 74 75 815
f 816 817 813
f 813 811 816
f 818 814 817
f 817 814 813
f 76 77 816
f 816 77 817
f 815 818 817
f 815 817 77
f 815 77 74
f 819 820 786
f 786 820 788
f 821 823 822
f 822 823 824
f 822 824 820
f 822 820 819
f 801 802 794
f 801 794 793
f 794 802 825
f 786 794 819
f 819 794 825
f 822 825 802
f 822 802 804
f 822 804 821
f 819 825 822
f 826 799 820
f 820 799 788
f 772 799 826
f 826 809 772
f 812 826 820
f 812 820 811
f 811 820 824
f 809 826 812
f 827 828 821
f 821 828 823
f 829 824 828
f 828 824 823
f 78 79 827
f 827 79 828
f 80 829 79
f 79 829 828
f 821 804 827
f 827 804 808
f 827 808 78
f 78 808 73
f 811 824 816
f 816 824 829
f 816 829 76
f 76 829 80
f 830 832 831
f 833 835 834
f 836 838 837
f 831 832 840
f 840 839 831
f 839 840 836
f 836 840 838
f 838 840 833
f 838 833 834
f 834 835 842
f 842 841 834
f 841 842 82
f 82 81 841
f 837 838 844
f 844 843 837
f 843 844 84
f 84 83 843
f 841 844 838
f 838 834 841
f 81 84 844
f 844 841 81
f 845 847 846
f 848 850 849
f 849 850 851
f 849 851 830
f 830 851 832
f 852 853 848
f 848 853 850
f 846 851 853
f 846 853 845
f 853 851 850
f 854 856 855
f 85 86 854
f 854 86 856
f 857 858 845
f 845 858 847
f 87 88 857
f 857 88 858
f 855 856 859
f 855 859 853
f 855 853 852
f 845 853 857
f 857 853 859
f 89 859 86
f 86 859 856
f 857 859 87
f 87 859 89
f 860 862 861
f 863 91 90
f 864 866 865
f 865 866 93
f 93 92 865
f 861 862 864
f 864 862 867
f 864 867 866
f 90 93 866
f 90 866 863
f 863 866 867
f 868 870 869
f 94 95 870
f 870 868 94
f 871 873 872
f 872 873 869
f 872 869 862
f 872 862 860
f 869 873 868
f 96 97 871
f 871 97 873
f 868 873 94
f 94 873 97
f 869 870 98
f 869 98 99
f 869 99 874
f 874 99 863
f 863 99 91
f 91 99 100
f 98 870 95
f 95 101 98
f 874 867 862
f 862 869 874
f 863 867 874
f 875 877 876
f 876 877 878
f 876 878 833
f 833 878 835
f 846 847 879
f 846 879 875
f 875 879 877
f 861 878 877
f 861 877 860
f 860 877 879
f 876 840 875
f 875 840 851
f 851 840 832
f 833 840 876
f 875 851 846
f 865 842 864
f 864 842 878
f 878 842 835
f 92 82 842
f 842 865 92
f 864 878 861
f 872 879 847
f 872 847 858
f 872 858 871
f 860 879 872
f 871 858 96
f 96 858 88
f 880 882 881
f 883 885 884
f 881 882 887
f 887 886 881
f 886 887 883
f 883 887 888
f 883 888 885
f 889 891 890
f 892 894 893
f 893 894 895
f 893 895 880
f 880 895 882
f 773 774 896
f 773 896 892
f 892 896 894
f 890 895 896
f 890 896 889
f 896 895 894
f 897 899 898
f 898 899 901
f 901 900 898
f 890 891 902
f 890 902 897
f 897 902 899
f 831 901 830
f 830 901 902
f 902 901 899
f 898 887 897
f 897 887 895
f 895 887 882
f 900 888 887
f 887 898 900
f 897 895 890
f 903 905 904
f 779 780 907
f 907 906 779
f 906 907 903
f 903 907 905
f 905 907 880
f 905 880 881
f 782 783 738
f 738 783 908
f 738 908 740
f 904 742 903
f 903 742 740
f 903 740 908
f 906 908 783
f 783 779 906
f 903 908 906
f 904 905 909
f 904 909 743
f 743 909 745
f 884 747 883
f 883 747 909
f 909 747 745
f 886 909 905
f 905 881 886
f 883 909 886
f 743 742 904
f 893 907 892
f 892 907 798
f 798 907 780
f 880 907 893
f 892 798 773
f 910 912 911
f 911 912 914
f 914 913 911
f 884 885 916
f 916 915 884
f 915 916 918
f 918 917 915
f 911 916 910
f 910 916 885
f 910 885 888
f 913 918 916
f 916 911 913
f 913 914 920
f 920 919 913
f 919 920 103
f 103 102 919
f 917 918 753
f 753 918 921
f 753 921 755
f 104 66 921
f 921 66 755
f 919 921 918
f 918 913 919
f 102 104 921
f 921 919 102
f 900 901 910
f 910 901 912
f 912 901 922
f 837 914 912
f 837 912 836
f 836 912 922
f 839 922 901
f 901 831 839
f 836 922 839
f 910 888 900
f 843 920 914
f 914 837 843
f 83 103 920
f 920 843 83
f 915 767 747
f 747 884 915
f 917 768 767
f 767 915 917
f 753 768 917
f 923 925 924
f 924 925 926
f 924 926 889
f 889 926 891
f 927 928 923
f 923 928 925
f 929 926 928
f 928 926 925
f 924 896 810
f 924 810 923
f 810 896 774
f 889 896 924
f 923 810 927
f 927 810 814
f 849 902 926
f 849 926 848
f 926 902 891
f 830 902 849
f 848 926 852
f 852 926 929
f 930 931 927
f 927 931 928
f 855 929 928
f 855 928 931
f 855 931 854
f 815 75 105
f 815 105 931
f 815 931 930
f 854 931 85
f 85 931 105
f 927 814 930
f 930 814 818
f 930 818 815
f 852 929 855
f 932 934 933
f 935 937 936
f 938 940 939
f 939 940 935
f 935 940 937
f 937 940 932
f 937 932 933
f 941 943 942
f 942 943 945
f 945 944 942
f 946 948 947
f 947 948 950
f 950 949 947
f 951 953 952
f 952 953 955
f 955 954 952
f 944 945 951
f 951 945 946
f 951 946 953
f 953 946 947
f 949 955 953
f 953 947 949
f 956 958 957
f 959 961 960
f 962 964 963
f 957 958 965
f 965 958 966
f 965 966 959
f 965 959 960
f 965 960 962
f 962 960 964
f 967 969 968
f 968 969 970
f 970 969 971
f 933 934 967
f 967 934 941
f 967 941 942
f 967 942 969
f 944 971 969
f 969 942 944
f 936 937 972
f 972 937 967
f 972 967 968
f 972 968 956
f 956 968 970
f 956 970 958
f 967 937 933
f 970 971 951
f 970 951 973
f 973 951 952
f 973 952 959
f 959 952 961
f 961 952 954
f 951 971 944
f 973 966 970
f 970 966 958
f 959 966 973
f 974 976 975
f 977 974 978
f 978 974 975
f 979 981 980
f 980 981 982
f 982 981 983
f 984 986 985
f 982 983 987
f 987 983 988
f 987 988 984
f 987 984 989
f 989 984 985
f 990 992 991
f 993 995 994
f 994 995 992
f 994 992 990
f 992 995 996
f 490 491 979
f 979 491 997
f 979 997 981
f 991 983 990
f 990 983 981
f 990 981 997
f 994 997 491
f 994 491 494
f 994 494 993
f 990 997 994
f 991 992 998
f 998 992 999
f 998 999 984
f 984 999 935
f 984 935 936
f 984 936 986
f 939 999 992
f 939 992 938
f 938 992 996
f 935 999 939
f 998 988 991
f 991 988 983
f 984 988 998
f 506 507 979
f 506 979 1000
f 1000 979 980
f 1000 980 982
f 982 1001 1000
f 510 511 1002
f 1002 511 1003
f 1002 1003 1004
f 1004 1003 1005
f 1000 1003 506
f 506 1003 511
f 1001 1005 1000
f 1000 1005 1003
f 1006 1008 1007
f 1007 1008 1009
f 1009 1008 1010
f 1001 982 1006
f 1006 982 987
f 1006 987 1008
f 989 1010 987
f 987 1010 1008
f 1004 1005 1006
f 1004 1006 1011
f 1011 1006 1007
f 1011 1007 1009
f 1009 1012 1011
f 1006 1005 1001
f 979 507 490
f 985 986 1013
f 1013 986 1014
f 1013 1014 956
f 1013 956 1015
f 1015 956 957
f 1016 1018 1017
f 989 985 1013
f 1013 1019 989
f 1019 1013 1016
f 1016 1013 1018
f 1018 1013 1015
f 1020 1022 1021
f 1021 1022 1023
f 1023 1022 962
f 1023 962 963
f 1015 957 965
f 1015 965 1020
f 1020 965 1022
f 962 1022 965
f 1017 1018 1024
f 1024 1018 1020
f 1024 1020 1021
f 1024 1021 1023
f 1023 1025 1024
f 1020 1018 1015
f 972 1014 936
f 936 1014 986
f 956 1014 972
f 1009 1010 1026
f 1026 1010 1027
f 1026 1027 1028
f 1028 1027 1016
f 1028 1016 1017
f 1019 1027 989
f 989 1027 1010
f 1016 1027 1019
f 1012 1009 1026
f 1026 1029 1012
f 1029 1026 1028
f 1028 1030 1029
f 1028 1017 1024
f 1024 1031 1028
f 1031 1024 974
f 974 1024 976
f 976 1024 1025
f 1030 1028 1031
f 1031 1032 1030
f 1032 1031 977
f 977 1031 974
f 1033 1035 1034
f 1036 1038 1037
f 1039 1041 1040
f 1040 1041 1043
f 1043 1042 1040
f 1044 1046 1045
f 1045 1046 1033
f 1033 1046 1047
f 1033 1047 1035
f 1037 1038 1039
f 1037 1039 1046
f 1037 1046 1044
f 1046 1039 1040
f 1042 1047 1040
f 1040 1047 1046
f 1048 1050 1049
f 1049 1050 1052
f 1052 1051 1049
f 1053 1055 1054
f 1054 1055 107
f 107 106 1054
f 1051 1052 1053
f 1053 1052 1055
f 1055 1052 1056
f 108 107 1056
f 1056 107 1055
f 1057 1059 1058
f 1060 1062 1061
f 1061 1062 1063
f 1061 1063 315
f 315 1063 317
f 1034 1035 1064
f 1034 1064 1060
f 1060 1064 1062
f 1058 1063 1057
f 1057 1063 1062
f 1057 1062 1064
f 1065 110 109
f 1058 1059 1067
f 1067 1066 1058
f 1066 1067 1065
f 1065 1067 111
f 1065 111 110
f 1068 320 1063
f 1063 320 317
f 109 6 1065
f 1065 6 320
f 1065 320 1068
f 1066 1068 1063
f 1063 1058 1066
f 1065 1068 1066
f 1069 1071 1070
f 1070 1071 1057
f 1057 1071 1059
f 1059 1071 1072
f 1042 1043 1048
f 1042 1048 1069
f 1069 1048 1071
f 1071 1048 1049
f 1051 1072 1071
f 1071 1049 1051
f 1070 1064 1035
f 1070 1035 1069
f 1069 1035 1047
f 1057 1064 1070
f 1069 1047 1042
f 1054 1067 1059
f 1054 1059 1053
f 1053 1059 1072
f 106 111 1067
f 1067 1054 106
f 1053 1072 1051
f 1073 1075 1074
f 1074 1075 1076
f 1076 1075 1077
f 1078 1080 1079
f 1079 1080 1082
f 1082 1081 1079
f 1083 1085 1084
f 1084 1085 1087
f 1087 1086 1084
f 1076 1077 1078
f 1076 1078 1083
f 1083 1078 1085
f 1085 1078 1079
f 1081 1087 1085
f 1085 1079 1081
f 1088 1090 1089
f 1089 1090 1092
f 1092 1091 1089
f 949 950 1088
f 1088 950 738
f 1088 738 739
f 1088 739 1090
f 741 1092 1090
f 1090 739 741
f 954 955 1088
f 954 1088 1073
f 1073 1088 1089
f 1073 1089 1075
f 1091 1077 1089
f 1089 1077 1075
f 1088 955 949
f 1091 1092 1078
f 1078 1092 748
f 1078 748 1080
f 1080 748 749
f 751 1082 1080
f 1080 749 751
f 748 1092 741
f 1078 1077 1091
f 1093 1095 1094
f 960 961 1073
f 960 1073 1096
f 1096 1073 1074
f 1096 1074 1093
f 1093 1074 1095
f 1095 1074 1076
f 963 964 1097
f 1097 964 1098
f 1097 1098 1093
f 1097 1093 1094
f 1097 1094 1038
f 1097 1038 1036
f 1096 1098 960
f 960 1098 964
f 1093 1098 1096
f 1094 1095 1083
f 1094 1083 1039
f 1039 1083 1084
f 1039 1084 1041
f 1086 1043 1084
f 1084 1043 1041
f 1083 1095 1076
f 1039 1038 1094
f 1073 961 954
f 1099 1101 1100
f 1100 1101 1103
f 1103 1102 1100
f 1081 1082 1099
f 1099 1082 756
f 1099 756 1101
f 1101 756 757
f 759 1103 1101
f 1101 757 759
f 1086 1087 1048
f 1048 1087 1099
f 1048 1099 1050
f 1050 1099 1100
f 1102 1052 1050
f 1050 1100 1102
f 1099 1087 1081
f 1102 1103 1105
f 1105 1104 1102
f 1104 1105 113
f 113 112 1104
f 761 1105 1103
f 1103 759 761
f 67 113 1105
f 1105 761 67
f 1104 1056 1052
f 1052 1102 1104
f 112 108 1056
f 1056 1104 112
f 756 1082 751
f 1048 1043 1086
f 1106 1108 1107
f 1109 1033 1034
f 1109 1034 1108
f 1109 1108 1106
f 1110 1106 1107
f 1110 1107 348
f 1110 348 346
f 1111 1113 1112
f 1112 1113 1106
f 1112 1106 1110
f 1106 1113 1109
f 1114 1116 1115
f 1115 1116 1117
f 1117 1116 1036
f 1117 1036 1037
f 1118 1120 1119
f 1121 1114 1122
f 1122 1114 1115
f 1122 1115 1120
f 1122 1120 1118
f 1120 1115 1117
f 1123 1044 1124
f 1124 1044 1045
f 1124 1045 1109
f 1109 1045 1033
f 1117 1037 1123
f 1123 1037 1044
f 1119 1120 1111
f 1111 1120 1113
f 1113 1120 1124
f 1124 1120 1123
f 1109 1113 1124
f 1123 1120 1117
f 1125 1127 1126
f 1128 1130 1129
f 1129 1130 358
f 358 1130 346
f 346 1130 1110
f 1131 1111 1128
f 1128 1111 1130
f 1130 1111 1112
f 1110 1130 1112
f 1132 1128 1129
f 1132 1129 362
f 1132 362 360
f 358 362 1129
f 1126 1127 1128
f 1126 1128 1132
f 1128 1127 1131
f 1133 1118 1134
f 1134 1118 1119
f 975 976 1122
f 975 1122 1135
f 1122 976 1121
f 1135 1122 1133
f 1133 1122 1118
f 1136 1138 1137
f 1137 1138 1125
f 1125 1138 1127
f 1127 1138 1134
f 1134 1138 1133
f 978 975 1138
f 978 1138 1136
f 1138 975 1135
f 1133 1138 1135
f 1134 1119 1111
f 1111 1131 1134
f 1131 1127 1134
f 1107 1108 378
f 378 1108 1060
f 378 1060 380
f 380 1060 1061
f 315 380 1061
f 1060 1108 1034
f 378 348 1107
f 1023 963 1097
f 1023 1097 1116
f 1023 1116 1114
f 1036 1116 1097
f 1025 1023 1121
f 1121 1023 1114
f 1121 976 1025
f 1139 1141 1140
f 1142 1144 1143
f 1143 1144 1145
f 1143 1145 1139
f 1139 1145 1141
f 1146 1148 1147
f 1149 1151 1150
f 1152 1154 1153
f 1153 1154 1151
f 1153 1151 1149
f 1151 1154 1155
f 1156 1157 1142
f 1142 1157 1144
f 1150 1145 1144
f 1150 1144 1149
f 1149 1144 1157
f 1147 1148 1157
f 1147 1157 1156
f 1157 1148 1153
f 1153 1148 1152
f 1149 1157 1153
f 1158 1160 1159
f 1161 1163 1162
f 1164 1166 1165
f 1165 1166 1158
f 1165 1158 1159
f 1165 1159 1163
f 1165 1163 1161
f 1167 1169 1168
f 1168 1169 934
f 1168 934 932
f 934 1169 1139
f 934 1139 1140
f 1159 1160 1169
f 1159 1169 1167
f 1169 1160 1143
f 1143 1160 1142
f 1139 1169 1143
f 1162 1163 940
f 1162 940 938
f 940 1163 1167
f 940 1167 1168
f 932 940 1168
f 1167 1163 1159
f 1170 1172 1171
f 1171 1172 1160
f 1171 1160 1158
f 1160 1172 1173
f 1174 1175 1170
f 1170 1175 1172
f 1147 1173 1172
f 1147 1172 1146
f 1146 1172 1175
f 616 617 1164
f 1164 617 1166
f 1166 617 1171
f 1171 617 1170
f 1158 1166 1171
f 1170 617 1174
f 1174 617 621
f 1142 1160 1156
f 1156 1160 1173
f 1156 1173 1147
f 1176 1178 1177
f 1179 1181 1180
f 1180 1181 1176
f 1176 1181 1178
f 1178 1181 775
f 1178 775 776
f 1140 1141 1182
f 1140 1182 941
f 941 1182 943
f 1177 945 1176
f 1176 945 1182
f 1182 945 943
f 1180 1182 1141
f 1180 1141 1179
f 1179 1141 1145
f 1176 1182 1180
f 1177 1178 1183
f 1177 1183 946
f 946 1183 948
f 782 950 781
f 781 950 948
f 781 948 1183
f 784 1183 1178
f 1178 776 784
f 781 1183 784
f 946 945 1177
f 1150 1151 1181
f 1150 1181 1179
f 1181 1151 789
f 1181 789 790
f 775 1181 790
f 789 1151 793
f 793 1151 1155
f 1179 1145 1150
f 941 934 1140
f 1184 1186 1185
f 1187 1189 1188
f 1188 1189 1190
f 1188 1190 1148
f 1188 1148 1146
f 1191 1192 1187
f 1187 1192 1189
f 1185 1190 1189
f 1185 1189 1192
f 1185 1192 1184
f 1193 1194 1152
f 1152 1194 1154
f 801 1155 1154
f 801 1154 800
f 800 1154 1194
f 1185 1186 1194
f 1185 1194 1193
f 1194 1186 1195
f 800 1194 1195
f 1195 803 800
f 1152 1148 1193
f 1193 1148 1190
f 1193 1190 1185
f 1196 1197 1184
f 1184 1197 1186
f 114 115 1196
f 1196 115 1197
f 1198 1199 1191
f 1191 1199 1192
f 1184 1192 1196
f 1196 1192 1199
f 646 58 116
f 646 116 1199
f 646 1199 1198
f 1196 1199 114
f 114 1199 116
f 806 1195 1186
f 806 1186 1197
f 806 1197 805
f 803 1195 806
f 805 1197 71
f 71 1197 115
f 648 649 1175
f 648 1175 1174
f 1175 649 1188
f 1188 649 1187
f 1146 1175 1188
f 1187 649 1191
f 1191 649 651
f 1174 621 648
f 1191 651 1198
f 1198 651 658
f 1198 658 646
f 793 1155 801
f 702 703 1200
f 702 1200 993
f 993 1200 995
f 1162 996 995
f 1162 995 1161
f 1161 995 1200
f 1165 1200 707
f 1165 707 1164
f 707 1200 703
f 1161 1200 1165
f 993 494 702
f 938 996 1162
f 1164 707 616
f 738 950 782
f 1201 208 209
f 209 1202 1201
f 1203 211 208
f 208 1201 1203
f 1202 1204 1201
f 1201 1204 1203
f 1203 1204 1205
f 1202 209 1
f 1 117 1202
f 118 3 214
f 214 1206 118
f 117 119 1202
f 1202 119 1207
f 1202 1207 1204
f 1206 1208 1207
f 1206 1207 119
f 1206 119 118
f 1209 1205 1204
f 1209 1204 1210
f 1210 1204 1207
f 1210 1207 1208
f 1210 1208 1211
f 1211 1208 1212
f 1213 218 1203
f 1203 218 211
f 1203 1205 1213
f 1214 219 218
f 218 1213 1214
f 1215 222 219
f 219 1214 1215
f 1216 223 1215
f 1215 223 222
f 1217 1218 1214
f 1217 1214 1209
f 1209 1214 1205
f 1205 1214 1213
f 1211 1212 1219
f 1211 1219 1217
f 1217 1219 1218
f 1214 1218 1215
f 1215 1218 1219
f 1219 1216 1215
f 1210 1220 1209
f 1211 1220 1210
f 1209 1220 1217
f 1217 1220 1211
f 1221 1223 1222
f 1224 1221 1225
f 1225 1221 1222
f 1226 1228 1227
f 1229 224 225
f 225 1230 1229
f 1230 225 227
f 1230 227 1228
f 1230 1228 1226
f 1231 1226 1227
f 1227 1232 1231
f 1233 1229 1234
f 1234 1229 1230
f 1234 1230 1226
f 1226 1231 1234
f 1227 1228 1236
f 1236 1235 1227
f 1235 1236 1237
f 1235 1237 1221
f 1221 1237 1223
f 229 1236 227
f 227 1236 1228
f 231 1238 1237
f 231 1237 229
f 229 1237 1236
f 1232 1227 1239
f 1239 1227 1235
f 1239 1235 1224
f 1224 1235 1221
f 1225 1240 1224
f 1232 1241 1231
f 1242 1233 1234
f 1234 1243 1242
f 1243 1234 1244
f 1244 1234 1241
f 1241 1234 1231
f 1243 1245 1242
f 1246 1245 1244
f 1246 1244 1247
f 1244 1245 1243
f 1248 1241 1249
f 1249 1241 1239
f 1239 1241 1232
f 1249 1239 1250
f 1250 1239 1240
f 1240 1239 1224
f 1244 1241 1248
f 1249 1251 1248
f 1250 1252 1251
f 1251 1249 1250
f 1247 1244 1248
f 1247 1248 1251
f 1247 1251 1253
f 1253 1251 1252
f 1252 1254 1253
f 1255 1256 120
f 120 1256 121
f 1257 122 1256
f 1256 122 121
f 1258 1259 1256
f 1256 1255 1258
f 1260 1257 1259
f 1259 1257 1256
f 1261 1262 1259
f 1259 1258 1261
f 1263 1260 1259
f 1259 1262 1263
f 1264 1262 1261
f 1265 1266 1264
f 1264 1266 1263
f 1264 1263 1262
f 1267 125 123
f 123 124 1267
f 1268 126 125
f 125 1267 1268
f 1269 1267 124
f 124 127 1269
f 1270 1268 1267
f 1267 1269 1270
f 120 126 1255
f 1255 126 1268
f 1255 1268 1270
f 1270 1258 1255
f 1271 1269 127
f 127 128 1271
f 1272 1270 1269
f 1269 1271 1272
f 1273 1271 128
f 128 129 1273
f 1274 1272 1271
f 1271 1273 1274
f 1258 1270 1272
f 1272 1261 1258
f 1261 1272 1264
f 1264 1272 1274
f 1264 1274 1275
f 1264 1275 1265
f 1276 1278 1277
f 1277 1278 1280
f 1280 1279 1277
f 130 122 1257
f 130 1257 1281
f 1281 1257 1282
f 1281 1282 1283
f 1277 1282 1257
f 1277 1257 1276
f 1276 1257 1260
f 1283 1282 1277
f 1283 1277 1279
f 1283 1279 1284
f 1279 1280 1285
f 1284 1279 1285
f 1285 1286 1284
f 1287 1288 1278
f 1278 1276 1287
f 1289 1280 1278
f 1278 1288 1289
f 1290 1291 1288
f 1288 1287 1290
f 1292 1289 1288
f 1288 1291 1292
f 1276 1260 1263
f 1263 1287 1276
f 1287 1263 1266
f 1266 1290 1287
f 1285 1280 1289
f 1289 1293 1285
f 1293 1289 1292
f 1292 1294 1293
f 1286 1285 1295
f 1295 1285 1296
f 1296 1285 1293
f 1295 1296 1297
f 1294 1298 1293
f 1293 1298 1296
f 1297 1296 1299
f 1299 1296 1300
f 1300 1296 1298
f 1281 131 130
f 1283 1301 131
f 1283 131 1281
f 131 1301 132
f 1284 1301 1283
f 133 132 1301
f 1301 1302 133
f 1302 1301 1303
f 1303 1301 1304
f 1304 1301 1284
f 1304 1284 1286
f 1303 1304 1305
f 1302 1306 134
f 134 133 1302
f 1307 135 134
f 134 1306 1307
f 1303 1306 1302
f 1305 1308 1307
f 1305 1307 1303
f 1303 1307 1306
f 1295 1304 1286
f 1305 1304 1310
f 1305 1310 1309
f 1310 1304 1295
f 1310 1295 1297
f 1299 1310 1297
f 1309 1308 1305
f 1311 1266 1265
f 1312 1273 136
f 136 1273 129
f 1313 1314 1274
f 1313 1274 1273
f 1313 1273 1312
f 1315 1314 1313
f 136 137 1312
f 1312 137 1316
f 1312 1316 1313
f 1317 1316 137
f 137 138 1317
f 1313 1316 1317
f 1313 1317 1318
f 1313 1318 1315
f 1319 1275 1274
f 1274 1314 1319
f 1265 1275 1319
f 1265 1319 1311
f 1311 1319 1320
f 1321 1319 1315
f 1315 1319 1314
f 1322 1323 1319
f 1322 1319 1321
f 1319 1323 1320
f 1315 1318 1321
f 1321 1318 1324
f 1321 1324 1322
f 1325 1317 138
f 138 139 1325
f 1326 1318 1317
f 1317 1325 1326
f 1327 1325 139
f 139 140 1327
f 1328 1326 1325
f 1325 1327 1328
f 1329 1323 1322
f 1330 1324 1318
f 1318 1326 1330
f 1322 1324 1330
f 1322 1330 1329
f 1329 1330 1331
f 1332 1330 1326
f 1326 1328 1332
f 1333 1331 1330
f 1330 1332 1333
f 1334 1291 1290
f 1335 1292 1334
f 1334 1292 1291
f 1336 1337 1290
f 1336 1290 1266
f 1336 1266 1311
f 1290 1337 1334
f 1334 1337 1335
f 1335 1337 1338
f 1339 1337 1336
f 1340 1338 1339
f 1339 1338 1337
f 1294 1292 1335
f 1335 1338 1341
f 1335 1341 1294
f 1294 1341 1298
f 1342 1300 1298
f 1298 1341 1342
f 1343 1344 1341
f 1343 1341 1340
f 1340 1341 1338
f 1345 1342 1341
f 1341 1344 1345
f 1247 1346 1246
f 1253 1347 1346
f 1346 1247 1253
f 1348 1347 1253
f 1348 1253 1349
f 1349 1253 1254
f 1350 1344 1343
f 1351 1345 1350
f 1350 1345 1344
f 1352 1348 1349
f 1349 1353 1352
f 1311 1320 1336
f 1336 1320 1323
f 1336 1323 1354
f 1336 1354 1339
f 1339 1354 1340
f 1340 1354 1355
f 1340 1355 1343
f 1356 1357 1354
f 1356 1354 1329
f 1329 1354 1323
f 1358 1355 1354
f 1354 1357 1358
f 1359 1357 1356
f 1360 1361 1358
f 1360 1358 1359
f 1359 1358 1357
f 1329 1331 1356
f 1356 1331 1333
f 1356 1333 1362
f 1356 1362 1359
f 1359 1362 1360
f 1343 1355 1363
f 1343 1363 1350
f 1363 1355 1358
f 1350 1363 1351
f 1351 1363 1364
f 1365 1363 1358
f 1358 1361 1365
f 1353 1364 1352
f 1352 1364 1363
f 1352 1363 1365
f 1206 214 232
f 232 1366 1206
f 1366 232 233
f 1366 233 1368
f 1366 1368 1367
f 235 1368 233
f 1366 1208 1206
f 1367 1212 1366
f 1366 1212 1208
f 1367 1368 1369
f 1369 1368 1370
f 1370 1368 235
f 1370 235 1371
f 1371 235 237
f 1372 239 1216
f 1216 239 223
f 1370 1371 1373
f 1369 1374 1212
f 1369 1212 1367
f 1212 1374 1219
f 1370 1374 1369
f 1216 1219 1372
f 1372 1219 1374
f 1372 1374 1375
f 1373 1376 1375
f 1373 1375 1370
f 1370 1375 1374
f 242 1371 237
f 1373 1371 243
f 1373 243 1377
f 243 1371 242
f 1377 1376 1373
f 1378 244 1372
f 1372 244 239
f 1222 1223 1378
f 1378 1223 247
f 1378 247 244
f 1372 1375 1378
f 1378 1375 1379
f 1379 1375 1380
f 1380 1375 1376
f 1225 1222 1381
f 1381 1222 1378
f 1381 1378 1379
f 1381 1379 1380
f 1380 1382 1381
f 1377 243 1383
f 1383 243 250
f 1383 250 251
f 251 1384 1383
f 1383 1380 1376
f 1376 1377 1383
f 1382 1380 1384
f 1382 1384 1385
f 1384 1380 1383
f 247 1223 1237
f 247 1237 252
f 252 1237 1386
f 1388 253 1386
f 1388 1386 1387
f 1386 253 252
f 1389 1386 1238
f 1238 1386 1237
f 1387 1386 1390
f 1390 1386 1389
f 1387 1391 1388
f 1393 1391 1390
f 1393 1390 1392
f 1390 1391 1387
f 1384 251 253
f 253 1388 1384
f 1385 1384 1388
f 1385 1388 1391
f 1385 1391 1394
f 1394 1391 1393
f 1395 1240 1381
f 1395 1381 1396
f 1381 1240 1225
f 1396 1381 1398
f 1396 1398 1397
f 1398 1381 1382
f 1396 1399 1395
f 1397 1399 1396
f 1385 1398 1382
f 1250 1240 1395
f 1397 1398 1400
f 1402 1393 1392
f 1392 1401 1402
f 1403 1252 1250
f 1403 1250 1404
f 1404 1250 1395
f 1404 1395 1399
f 1404 1399 1397
f 1404 1397 1406
f 1404 1406 1405
f 1406 1397 1400
f 1254 1252 1403
f 1405 1406 1407
f 1407 1406 1402
f 1407 1402 1401
f 1400 1398 1408
f 1408 1398 1394
f 1394 1398 1385
f 1408 1394 1393
f 1393 1402 1408
f 1408 1406 1400
f 1402 1406 1408
f 1299 1300 1409
f 1409 1300 1410
f 1409 1410 1412
f 1412 1411 1409
f 1411 1412 1414
f 1414 1413 1411
f 1413 1414 1415
f 1415 1414 1416
f 1417 141 135
f 135 1307 1417
f 1418 142 141
f 141 1417 1418
f 1419 1417 1307
f 1307 1308 1419
f 1420 1418 1417
f 1417 1419 1420
f 1421 143 1418
f 1418 143 142
f 144 143 1421
f 144 1421 1422
f 1422 1421 1423
f 1424 1421 1420
f 1420 1421 1418
f 1425 1423 1421
f 1421 1424 1425
f 1309 1310 1426
f 1426 1310 1427
f 1426 1427 1429
f 1429 1428 1426
f 1409 1427 1299
f 1299 1427 1310
f 1411 1429 1409
f 1409 1429 1427
f 1426 1419 1309
f 1309 1419 1308
f 1428 1420 1419
f 1419 1426 1428
f 1428 1429 1431
f 1431 1430 1428
f 1430 1431 1432
f 1432 1431 1433
f 1413 1431 1411
f 1411 1431 1429
f 1415 1433 1413
f 1413 1433 1431
f 1430 1424 1420
f 1420 1428 1430
f 1432 1425 1430
f 1430 1425 1424
f 1415 1416 1434
f 1422 1423 1435
f 1435 1423 1425
f 1435 1425 1436
f 1436 1425 1437
f 1436 1437 1438
f 1432 1433 1439
f 1439 1433 1440
f 1440 1433 1441
f 1441 1433 1434
f 1434 1433 1415
f 1440 1441 1442
f 1439 1443 1432
f 1432 1443 1425
f 1425 1443 1437
f 1438 1437 1443
f 1438 1443 1444
f 1444 1443 1445
f 1440 1443 1439
f 1442 1446 1445
f 1442 1445 1440
f 1440 1445 1443
f 1444 1445 1447
f 1447 1445 1446
f 1447 1446 1449
f 1447 1449 1448
f 1448 1449 1451
f 1451 1450 1448
f 1452 1454 1453
f 1453 1454 1455
f 1456 1454 1452
f 1455 1454 1456
f 1453 1410 1300
f 1453 1300 1452
f 1452 1300 1342
f 1455 1457 1412
f 1455 1412 1453
f 1453 1412 1410
f 1452 1342 1345
f 1452 1345 1456
f 1456 1345 1458
f 1456 1458 1459
f 1456 1459 1455
f 1455 1459 1457
f 1460 1414 1412
f 1412 1457 1460
f 1461 1416 1414
f 1414 1460 1461
f 1462 1460 1459
f 1459 1460 1457
f 1463 1461 1462
f 1462 1461 1460
f 1404 1464 1403
f 1405 1464 1404
f 1349 1254 1403
f 1349 1403 1464
f 1349 1464 1465
f 1465 1464 1466
f 1407 1466 1464
f 1464 1405 1407
f 1467 1468 1351
f 1351 1468 1345
f 1345 1468 1458
f 1469 1459 1468
f 1468 1459 1458
f 1353 1349 1470
f 1353 1470 1467
f 1467 1470 1468
f 1470 1349 1465
f 1471 1469 1470
f 1470 1469 1468
f 1472 1462 1469
f 1469 1462 1459
f 1474 1463 1473
f 1473 1463 1462
f 1473 1462 1472
f 1476 1472 1475
f 1475 1472 1469
f 1475 1469 1471
f 1473 1472 1476
f 1351 1364 1467
f 1467 1364 1353
f 1473 1477 1474
f 1475 1478 1476
f 1476 1478 1479
f 1476 1479 1473
f 1473 1479 1477
f 1434 1416 1461
f 1434 1461 1480
f 1480 1461 1481
f 1480 1481 1482
f 1483 1481 1461
f 1461 1463 1483
f 1482 1481 1483
f 1482 1483 1484
f 1484 1483 1485
f 1484 1485 1486
f 1487 1488 1483
f 1487 1483 1474
f 1474 1483 1463
f 1489 1485 1488
f 1488 1485 1483
f 1490 1488 1487
f 1491 1489 1488
f 1488 1490 1491
f 1486 1485 1492
f 1492 1485 1489
f 1492 1489 1491
f 1480 1441 1434
f 1442 1441 1482
f 1442 1482 1494
f 1442 1494 1493
f 1482 1441 1480
f 1484 1494 1482
f 1493 1446 1442
f 1493 1494 1495
f 1495 1494 1496
f 1495 1496 1497
f 1486 1498 1484
f 1484 1498 1496
f 1484 1496 1494
f 1497 1496 1499
f 1499 1496 1498
f 1495 1449 1493
f 1493 1449 1446
f 1497 1500 1495
f 1495 1500 1449
f 1449 1500 1451
f 1499 1501 1500
f 1500 1497 1499
f 1474 1477 1487
f 1487 1477 1479
f 1487 1479 1490
f 1490 1479 1502
f 1490 1502 1503
f 1503 1491 1490
f 1505 1498 1486
f 1505 1486 1492
f 1505 1492 1504
f 1499 1498 1505
f 1504 1492 1491
f 1504 1491 1506
f 1506 1491 1503
f 1504 1507 1505
f 1509 1501 1499
f 1509 1499 1505
f 1509 1505 1508
f 1508 1505 1507
f 1506 1510 1507
f 1507 1504 1506
f 1508 1507 1510
f 1510 1511 1508
f 1512 259 260
f 260 1513 1512
f 1514 1516 1515
f 1515 1516 1512
f 1512 1516 259
f 259 1516 261
f 1517 1512 1518
f 1518 1512 1513
f 1515 1519 1514
f 1520 1519 1517
f 1517 1519 1512
f 1512 1519 1515
f 1521 266 1516
f 1521 1516 1514
f 1516 266 267
f 261 1516 267
f 1522 269 1521
f 1521 269 266
f 1523 1521 1519
f 1523 1519 1524
f 1519 1521 1514
f 1524 1519 1520
f 1525 1522 1521
f 1521 1523 1525
f 1518 1526 1517
f 1527 1520 1517
f 1527 1517 1526
f 1527 1526 1528
f 1529 1527 1530
f 1530 1527 1528
f 1531 1523 1532
f 1532 1523 1524
f 1532 1524 1527
f 1527 1524 1520
f 1533 1525 1523
f 1523 1531 1533
f 1532 1534 1531
f 1535 1534 1532
f 1535 1532 1527
f 1535 1527 1529
f 1531 1534 1533
f 1533 1534 1536
f 1537 1536 1535
f 1535 1536 1534
f 1513 260 1229
f 1229 260 224
f 1518 1513 1233
f 1233 1513 1229
f 280 1538 1238
f 1238 231 280
f 1540 1538 282
f 1540 282 1539
f 282 1538 280
f 1539 1541 1540
f 291 1542 292
f 1539 282 292
f 1539 292 1542
f 1539 1542 1543
f 1545 1542 1544
f 1544 1542 291
f 1544 291 293
f 1543 1542 1545
f 1547 1541 1546
f 1546 1541 1543
f 1543 1541 1539
f 1549 1545 1544
f 1544 1548 1549
f 1546 1543 1545
f 1545 1549 1546
f 1550 1526 1242
f 1242 1526 1233
f 1233 1526 1518
f 1528 1526 1550
f 1551 1550 1245
f 1551 1245 1552
f 1245 1550 1242
f 1552 1245 1246
f 1530 1528 1551
f 1551 1528 1550
f 1554 1555 1553
f 1557 1558 1556
f 1559 1560 1557
f 1557 1560 1558
f 1562 1563 1561
f 1564 1547 1546
f 1564 1546 1563
f 1564 1563 1562
f 1561 1563 1548
f 1561 1548 1565
f 1548 1563 1549
f 1549 1563 1546
f 1567 1562 1561
f 1561 1566 1567
f 1553 1555 1567
f 1567 1555 1562
f 1562 1555 1564
f 1566 1561 1560
f 1566 1560 1559
f 1560 1561 1565
f 1568 295 1522
f 1522 295 269
f 1569 298 1568
f 1568 298 295
f 1570 1568 1522
f 1522 1525 1570
f 1571 1569 1570
f 1570 1569 1568
f 1572 301 1569
f 1569 301 298
f 1573 304 301
f 301 1572 1573
f 1574 1572 1571
f 1571 1572 1569
f 1575 1573 1572
f 1572 1574 1575
f 1576 1570 1525
f 1525 1533 1576
f 1577 1578 1571
f 1577 1571 1576
f 1576 1571 1570
f 1579 1578 1577
f 1533 1536 1580
f 1580 1576 1533
f 1581 1582 1580
f 1581 1580 1537
f 1537 1580 1536
f 1576 1580 1577
f 1577 1580 1583
f 1577 1583 1579
f 1583 1580 1582
f 1571 1578 1584
f 1584 1574 1571
f 1585 1584 1578
f 1578 1579 1585
f 1574 1584 1575
f 1575 1584 1586
f 1587 1586 1585
f 1585 1586 1584
f 1579 1583 1585
f 1585 1583 1588
f 1585 1588 1589
f 1589 1587 1585
f 308 1590 309
f 1592 1590 1591
f 1591 1590 308
f 1591 308 311
f 1594 1595 1593
f 1593 1595 1596
f 1596 1595 1591
f 1591 1595 1592
f 1544 293 309
f 1544 309 1590
f 1544 1590 1597
f 1597 1590 1592
f 1548 1544 1595
f 1548 1595 1594
f 1595 1544 1597
f 1592 1595 1597
f 312 1598 313
f 1591 311 1599
f 1599 311 313
f 1599 313 1598
f 314 1600 1598
f 1598 312 314
f 1599 1598 1600
f 1600 1601 1599
f 1596 1591 1599
f 1599 1602 1596
f 1602 1599 1603
f 1603 1599 1601
f 1605 1594 1604
f 1604 1594 1593
f 1604 1593 1596
f 1596 1606 1604
f 1556 1558 1607
f 1556 1607 1581
f 1581 1607 1582
f 1604 1607 1558
f 1604 1558 1560
f 1604 1560 1605
f 1583 1582 1607
f 1607 1608 1583
f 1606 1608 1607
f 1607 1604 1606
f 1565 1548 1605
f 1605 1548 1594
f 1605 1560 1565
f 1606 1596 1602
f 1602 1609 1606
f 1611 1612 1610
f 1609 1602 1612
f 1609 1612 1611
f 1612 1602 1603
f 1588 1583 1613
f 1613 1583 1608
f 1609 1613 1608
f 1608 1606 1609
f 1610 1589 1611
f 1611 1589 1613
f 1613 1589 1588
f 1611 1613 1609
f 1530 1614 1529
f 1615 1535 1616
f 1616 1535 1614
f 1614 1535 1529
f 1617 1537 1535
f 1535 1615 1617
f 1618 1615 1616
f 1616 1619 1618
f 1620 1617 1618
f 1618 1617 1615
f 1621 1327 140
f 140 145 1621
f 1622 1328 1327
f 1327 1621 1622
f 1623 1621 146
f 146 1621 145
f 1624 1622 1623
f 1623 1622 1621
f 1625 1627 1626
f 1628 1629 1625
f 1625 1629 1627
f 1630 1332 1622
f 1622 1332 1328
f 1626 1333 1332
f 1626 1332 1625
f 1625 1332 1630
f 1631 1630 1624
f 1624 1630 1622
f 1625 1630 1628
f 1628 1630 1631
f 1632 1623 147
f 147 1623 146
f 1633 1624 1632
f 1632 1624 1623
f 1634 1632 148
f 148 1632 147
f 1635 1633 1634
f 1634 1633 1632
f 1636 1638 1637
f 1637 1638 1629
f 1637 1629 1628
f 1629 1638 1619
f 1619 1638 1618
f 1639 1640 1636
f 1636 1640 1638
f 1618 1638 1640
f 1640 1620 1618
f 1637 1631 1624
f 1637 1624 1636
f 1636 1624 1633
f 1628 1631 1637
f 1636 1633 1639
f 1639 1633 1635
f 1552 1641 1551
f 1642 1641 1552
f 1642 1552 1643
f 1643 1552 1346
f 1346 1552 1246
f 1644 1614 1530
f 1644 1530 1551
f 1644 1551 1645
f 1645 1551 1641
f 1645 1641 1642
f 1643 1646 1642
f 1647 1644 1648
f 1648 1644 1645
f 1648 1645 1642
f 1648 1642 1646
f 1648 1646 1649
f 1643 1346 1347
f 1347 1650 1643
f 1650 1347 1348
f 1652 1653 1651
f 1654 1554 1553
f 1654 1553 1653
f 1654 1653 1652
f 1655 1646 1656
f 1656 1646 1643
f 1656 1643 1650
f 1656 1650 1348
f 1348 1352 1656
f 1649 1646 2766
f 1646 1655 2766
f 1655 1658 2766
f 1658 1652 2766
f 1652 1651 2766
f 1651 1657 2766
f 1657 1649 2766
f 1659 1654 1658
f 1658 1654 1652
f 1616 1614 1644
f 1661 1662 1660
f 1664 1557 1663
f 1663 1557 1556
f 1660 1662 1664
f 1664 1662 1559
f 1664 1559 1557
f 1619 1616 1644
f 1644 1647 1619
f 1666 1661 1665
f 1665 1661 1660
f 1663 1667 1664
f 1665 1660 1664
f 1665 1664 1667
f 1665 1667 1668
f 1651 1653 1567
f 1651 1567 1661
f 1661 1567 1566
f 1661 1566 1662
f 1567 1653 1553
f 1559 1662 1566
f 1657 1651 1661
f 1661 1666 1657
f 1626 1627 1670
f 1670 1669 1626
f 1669 1670 1360
f 1360 1670 1671
f 1360 1671 1361
f 1648 1670 1647
f 1647 1670 1629
f 1629 1670 1627
f 1649 1671 1648
f 1648 1671 1670
f 1669 1362 1333
f 1333 1626 1669
f 1360 1362 1669
f 1656 1365 1671
f 1656 1671 1655
f 1671 1365 1361
f 1352 1365 1656
f 1657 1672 2767
f 1672 1658 2767
f 1658 1655 2767
f 1655 1671 2767
f 1671 1649 2767
f 1649 1657 2767
f 1658 1672 1673
f 1673 1659 1658
f 1647 1629 1619
f 1665 1674 1666
f 1668 1675 1665
f 1665 1675 1674
f 1666 1674 1676
f 1666 1676 1657
f 1657 1676 1672
f 1677 1673 1676
f 1676 1673 1672
f 1678 1676 1675
f 1675 1676 1674
f 1679 1677 1676
f 1676 1678 1679
f 1680 1581 1537
f 1537 1617 1680
f 1681 1683 1682
f 1682 1683 1617
f 1682 1617 1620
f 1617 1683 1684
f 1617 1684 1680
f 1685 1683 1681
f 1686 1687 1685
f 1685 1687 1683
f 1683 1687 1684
f 1688 1687 1686
f 1689 1691 1690
f 1692 1691 1689
f 1693 1634 148
f 148 149 1693
f 1690 1635 1634
f 1690 1634 1693
f 1690 1693 1689
f 1694 1693 149
f 149 150 1694
f 1689 1693 1692
f 1692 1693 1694
f 1692 1694 1695
f 1690 1691 1681
f 1690 1681 1682
f 1690 1682 1640
f 1690 1640 1639
f 1620 1640 1682
f 1696 1697 1692
f 1692 1697 1681
f 1692 1681 1691
f 1681 1697 1685
f 1685 1697 1686
f 1639 1635 1690
f 1692 1695 1696
f 1698 1694 150
f 150 151 1698
f 1699 1695 1694
f 1694 1698 1699
f 1700 1698 152
f 152 1698 151
f 1701 1702 1699
f 1701 1699 1700
f 1700 1699 1698
f 1703 1697 1696
f 1704 1705 1688
f 1704 1688 1697
f 1704 1697 1703
f 1697 1688 1686
f 1706 1705 1704
f 1696 1695 1699
f 1696 1699 1703
f 1703 1699 1707
f 1703 1707 1704
f 1708 1707 1699
f 1699 1702 1708
f 1704 1707 1708
f 1704 1708 1706
f 1706 1708 1709
f 1663 1556 1581
f 1581 1680 1663
f 1680 1684 1663
f 1663 1684 1710
f 1663 1710 1667
f 1668 1667 1710
f 1710 1711 1668
f 1712 1710 1687
f 1687 1710 1684
f 1711 1710 1712
f 1711 1712 1713
f 1713 1712 1714
f 1713 1714 1715
f 1716 1717 1688
f 1688 1717 1712
f 1688 1712 1687
f 1718 1714 1712
f 1712 1717 1718
f 1719 1717 1716
f 1720 1718 1719
f 1719 1718 1717
f 1715 1714 1718
f 1715 1718 1721
f 1721 1718 1722
f 1721 1722 1724
f 1724 1723 1721
f 1725 1726 1722
f 1725 1722 1720
f 1720 1722 1718
f 1727 1724 1726
f 1726 1724 1722
f 1711 1728 1668
f 1668 1728 1675
f 1713 1728 1711
f 1729 1678 1675
f 1675 1728 1729
f 1730 1679 1678
f 1678 1729 1730
f 1715 1731 1713
f 1713 1731 1728
f 1728 1731 1729
f 1732 1730 1729
f 1729 1731 1732
f 1688 1705 1716
f 1733 1719 1706
f 1706 1719 1716
f 1706 1716 1705
f 1734 1735 1719
f 1734 1719 1733
f 1719 1735 1720
f 1706 1709 1733
f 1733 1709 1736
f 1733 1736 1734
f 1721 1731 1715
f 1723 1732 1731
f 1731 1721 1723
f 1720 1735 1725
f 1738 1389 1238
f 1738 1238 1538
f 1738 1538 1737
f 1390 1389 1738
f 1737 1538 1540
f 1737 1739 1738
f 1392 1390 1738
f 1392 1738 1739
f 1392 1739 1740
f 1742 1739 1741
f 1741 1739 1541
f 1541 1739 1737
f 1541 1737 1540
f 1740 1739 1742
f 1741 1541 1547
f 1401 1392 1743
f 1743 1392 1740
f 1745 1742 1741
f 1741 1744 1745
f 1743 1740 1742
f 1742 1745 1743
f 1747 1748 1746
f 1407 1401 1743
f 1407 1743 1748
f 1407 1748 1747
f 1746 1748 1554
f 1554 1748 1555
f 1555 1748 1745
f 1555 1745 1744
f 1745 1748 1743
f 1744 1741 1564
f 1564 1741 1547
f 1564 1555 1744
f 1465 1466 1749
f 1749 1466 1747
f 1749 1747 1746
f 1747 1466 1407
f 1749 1746 1554
f 1554 1654 1749
f 1751 1470 1465
f 1751 1465 1749
f 1751 1749 1750
f 1752 1471 1470
f 1470 1751 1752
f 1750 1749 1659
f 1659 1749 1654
f 1475 1471 1752
f 1750 1753 1751
f 1751 1753 1754
f 1754 1752 1751
f 1659 1673 1750
f 1750 1673 1755
f 1750 1755 1753
f 1756 1754 1755
f 1755 1754 1753
f 1752 1754 1757
f 1752 1757 1475
f 1475 1757 1478
f 1758 1479 1757
f 1757 1479 1478
f 1759 1757 1756
f 1756 1757 1754
f 1760 1758 1759
f 1759 1758 1757
f 1761 1755 1677
f 1677 1755 1673
f 1762 1756 1755
f 1755 1761 1762
f 1763 1761 1677
f 1677 1679 1763
f 1764 1762 1763
f 1763 1762 1761
f 1765 1759 1756
f 1756 1762 1765
f 1766 1760 1759
f 1759 1765 1766
f 1767 1765 1762
f 1762 1764 1767
f 1768 1766 1765
f 1765 1767 1768
f 1769 1502 1758
f 1758 1502 1479
f 1771 1503 1769
f 1771 1769 1770
f 1769 1503 1502
f 1772 1769 1760
f 1760 1769 1758
f 1770 1769 1773
f 1773 1769 1772
f 1770 1774 1771
f 1773 1775 1774
f 1774 1770 1773
f 1506 1503 1771
f 1777 1510 1506
f 1777 1506 1776
f 1776 1506 1771
f 1776 1771 1774
f 1511 1510 1777
f 1776 1774 1775
f 1775 1778 1776
f 1779 1772 1766
f 1766 1772 1760
f 1773 1772 1780
f 1780 1772 1779
f 1781 1779 1766
f 1766 1768 1781
f 1780 1779 1781
f 1781 1782 1780
f 1780 1783 1773
f 1773 1783 1775
f 1782 1784 1783
f 1783 1780 1782
f 1778 1775 1783
f 1783 1785 1778
f 1785 1783 1784
f 1784 1786 1785
f 1723 1724 1787
f 1787 1724 1788
f 1787 1788 1790
f 1790 1789 1787
f 1791 1788 1727
f 1727 1788 1724
f 1792 1790 1791
f 1791 1790 1788
f 1789 1790 1794
f 1794 1793 1789
f 1793 1794 1796
f 1796 1795 1793
f 1797 1794 1792
f 1792 1794 1790
f 1798 1796 1794
f 1794 1797 1798
f 1799 1763 1679
f 1679 1730 1799
f 1800 1764 1799
f 1799 1764 1763
f 1801 1799 1730
f 1730 1732 1801
f 1802 1800 1801
f 1801 1800 1799
f 1803 1767 1800
f 1800 1767 1764
f 1804 1768 1767
f 1767 1803 1804
f 1805 1803 1800
f 1800 1802 1805
f 1806 1804 1805
f 1805 1804 1803
f 1787 1801 1723
f 1723 1801 1732
f 1789 1802 1801
f 1801 1787 1789
f 1793 1805 1802
f 1802 1789 1793
f 1795 1806 1805
f 1805 1793 1795
f 1795 1796 1807
f 1807 1796 1808
f 1807 1808 1809
f 1810 1808 1796
f 1796 1798 1810
f 1809 1808 1812
f 1809 1812 1811
f 1812 1808 1810
f 1811 1812 1813
f 1813 1812 1814
f 1813 1814 1815
f 1816 1781 1768
f 1768 1804 1816
f 1782 1781 1816
f 1782 1816 1817
f 1817 1816 1818
f 1819 1816 1804
f 1804 1806 1819
f 1820 1818 1816
f 1816 1819 1820
f 1817 1784 1782
f 1817 1818 1821
f 1821 1818 1820
f 1821 1820 1822
f 1822 1820 1823
f 1822 1823 1824
f 1786 1784 1825
f 1825 1784 1826
f 1826 1784 1821
f 1821 1784 1817
f 1825 1826 1827
f 1822 1826 1821
f 1827 1826 1824
f 1827 1824 1829
f 1827 1829 1828
f 1824 1826 1822
f 1807 1819 1795
f 1795 1819 1806
f 1809 1830 1820
f 1809 1820 1807
f 1807 1820 1819
f 1811 1830 1809
f 1831 1823 1820
f 1820 1830 1831
f 1824 1823 1831
f 1824 1831 1833
f 1824 1833 1832
f 1813 1831 1811
f 1811 1831 1830
f 1815 1834 1833
f 1815 1833 1831
f 1815 1831 1813
f 1832 1829 1824
f 1422 153 144
f 1435 1835 1422
f 1422 1835 154
f 1422 154 153
f 1836 155 154
f 154 1835 1836
f 1436 1835 1435
f 1438 1837 1436
f 1436 1837 1835
f 1835 1837 1836
f 1838 156 155
f 155 1836 1838
f 1839 157 156
f 156 1838 1839
f 1840 1838 1837
f 1837 1838 1836
f 1841 1839 1840
f 1840 1839 1838
f 1444 1837 1438
f 1447 1842 1840
f 1447 1840 1837
f 1447 1837 1444
f 1843 1841 1842
f 1842 1841 1840
f 1448 1842 1447
f 1450 1843 1448
f 1448 1843 1842
f 1508 1844 1509
f 1511 1845 1508
f 1508 1845 1844
f 152 158 1700
f 1700 158 1846
f 1700 1846 1701
f 1776 1847 1777
f 1777 1847 1845
f 1777 1845 1511
f 1845 1847 1848
f 1778 1849 1776
f 1776 1849 1847
f 1851 1848 1849
f 1851 1849 1850
f 1849 1848 1847
f 1850 1852 1851
f 1785 1853 1778
f 1778 1853 1849
f 1850 1849 1854
f 1854 1849 1853
f 1854 1853 1855
f 1786 1856 1853
f 1853 1785 1786
f 1857 1855 1853
f 1853 1856 1857
f 1854 1852 1850
f 1825 1856 1786
f 1827 1858 1857
f 1827 1857 1825
f 1825 1857 1856
f 1828 1858 1827
f 1859 1860 160
f 160 159 1859
f 1861 161 160
f 160 1860 1861
f 1862 1863 1860
f 1860 1859 1862
f 1864 1861 1860
f 1860 1863 1864
f 1865 163 162
f 1866 1867 1865
f 1865 1867 164
f 1865 164 163
f 1868 1867 1866
f 162 161 1861
f 162 1861 1865
f 1865 1861 1869
f 1865 1869 1866
f 1870 1869 1861
f 1861 1864 1870
f 1866 1869 1870
f 1866 1870 1868
f 1868 1870 1871
f 1872 1873 1862
f 1862 1873 1863
f 1874 1864 1863
f 1863 1873 1874
f 1450 1451 1875
f 1450 1875 1872
f 1872 1875 1873
f 1876 1874 1873
f 1873 1875 1876
f 1877 1870 1864
f 1864 1874 1877
f 1878 1871 1870
f 1870 1877 1878
f 1879 1877 1874
f 1874 1876 1879
f 1880 1878 1877
f 1877 1879 1880
f 1881 1882 166
f 166 165 1881
f 1883 1882 1881
f 1884 1885 168
f 168 167 1884
f 1886 1887 1884
f 1884 1887 1885
f 1888 169 166
f 166 1882 1888
f 167 169 1888
f 1888 1884 167
f 1889 1890 1888
f 1889 1888 1883
f 1883 1888 1882
f 1884 1888 1886
f 1886 1888 1890
f 1891 1887 1886
f 1892 1890 1889
f 1893 1894 1892
f 1892 1894 1891
f 1892 1891 1886
f 1892 1886 1890
f 1895 1896 1894
f 1894 1893 1895
f 1897 170 164
f 164 1867 1897
f 165 170 1897
f 1897 1881 165
f 1898 1899 1897
f 1898 1897 1867
f 1898 1867 1868
f 1881 1897 1883
f 1883 1897 1900
f 1900 1897 1899
f 1868 1871 1898
f 1883 1900 1889
f 1901 1899 1898
f 1902 1903 1900
f 1902 1900 1901
f 1901 1900 1899
f 1904 1903 1902
f 1898 1871 1878
f 1898 1878 1901
f 1901 1878 1905
f 1901 1905 1902
f 1906 1905 1878
f 1878 1880 1906
f 1902 1905 1906
f 1902 1906 1904
f 1904 1906 1907
f 1889 1900 1892
f 1892 1900 1908
f 1908 1900 1903
f 1892 1908 1893
f 1909 1910 1904
f 1904 1910 1908
f 1904 1908 1903
f 1893 1908 1910
f 1910 1895 1893
f 1904 1907 1909
f 1912 1875 1451
f 1912 1451 1911
f 1911 1451 1500
f 1913 1876 1875
f 1875 1912 1913
f 1911 1500 1914
f 1914 1500 1501
f 1915 1879 1876
f 1876 1913 1915
f 1916 1880 1879
f 1879 1915 1916
f 1914 1501 1509
f 1917 1896 1895
f 1918 1906 1916
f 1916 1906 1880
f 1919 1920 1918
f 1918 1920 1906
f 1906 1920 1907
f 1921 1922 1920
f 1920 1919 1921
f 1923 1910 1909
f 1924 1925 1923
f 1923 1925 1910
f 1910 1925 1917
f 1910 1917 1895
f 1926 1927 1925
f 1925 1924 1926
f 1909 1907 1920
f 1909 1920 1923
f 1923 1920 1928
f 1923 1928 1924
f 1929 1928 1920
f 1920 1922 1929
f 1924 1928 1929
f 1929 1926 1924
f 1930 1922 1921
f 1931 1927 1926
f 1932 1933 1930
f 1930 1933 1929
f 1930 1929 1922
f 1926 1929 1931
f 1931 1929 1933
f 1931 1933 1934
f 1935 1936 1933
f 1933 1932 1935
f 1937 1934 1933
f 1933 1936 1937
f 1938 1939 172
f 172 171 1938
f 1940 1939 1938
f 1941 1942 174
f 174 173 1941
f 1943 1942 1941
f 1944 1945 176
f 176 175 1944
f 173 176 1945
f 1945 1941 173
f 1946 1947 1945
f 1945 1944 1946
f 1941 1945 1947
f 1941 1947 1943
f 1943 1947 1948
f 1949 177 174
f 174 1942 1949
f 171 177 1949
f 1949 1938 171
f 1950 1951 1949
f 1950 1949 1942
f 1950 1942 1943
f 1938 1949 1940
f 1940 1949 1951
f 1940 1951 1952
f 1943 1948 1950
f 1953 1947 1946
f 1954 1955 1948
f 1954 1948 1953
f 1953 1948 1947
f 1956 1955 1954
f 1957 1951 1950
f 1958 1959 1952
f 1958 1952 1957
f 1957 1952 1951
f 1960 1959 1958
f 1950 1948 1955
f 1950 1955 1957
f 1957 1955 1961
f 1957 1961 1958
f 1962 1961 1956
f 1956 1961 1955
f 1963 1964 1961
f 1963 1961 1962
f 1961 1964 1958
f 1958 1964 1960
f 1965 1966 179
f 179 178 1965
f 1967 1966 1965
f 1968 180 172
f 172 1939 1968
f 178 180 1968
f 1968 1965 178
f 1969 1970 1940
f 1940 1970 1968
f 1940 1968 1939
f 1965 1968 1967
f 1967 1968 1970
f 1967 1970 1971
f 1972 181 179
f 179 1966 1972
f 183 182 181
f 181 1972 183
f 1973 1974 1972
f 1973 1972 1967
f 1967 1972 1966
f 184 183 1972
f 1972 1974 184
f 1967 1971 1973
f 1975 1976 1970
f 1970 1969 1975
f 1977 1971 1970
f 1970 1976 1977
f 1978 1976 1975
f 1979 1980 1977
f 1979 1977 1978
f 1978 1977 1976
f 1981 1982 1974
f 1974 1973 1981
f 185 184 1974
f 1974 1982 185
f 1983 1982 1981
f 1984 186 185
f 1984 185 1983
f 1983 185 1982
f 1973 1971 1977
f 1977 1981 1973
f 1981 1977 1983
f 1983 1977 1985
f 1985 1977 1980
f 1983 1985 1984
f 1940 1952 1969
f 1969 1952 1959
f 1959 1975 1969
f 1986 1987 1960
f 1960 1987 1959
f 1959 1987 1978
f 1959 1978 1975
f 1978 1987 1979
f 1960 1964 1986
f 1988 1964 1963
f 1989 1991 1990
f 1992 1993 1991
f 1991 1989 1992
f 1994 1980 1979
f 187 186 1984
f 1995 1996 1985
f 1995 1985 1994
f 1994 1985 1980
f 1984 1985 1996
f 1984 1996 187
f 187 1996 188
f 1997 1998 1996
f 1996 1995 1997
f 189 188 1996
f 1996 1998 189
f 1999 2001 2000
f 2002 191 190
f 2003 2005 2004
f 2004 2005 192
f 2004 192 2002
f 2002 192 191
f 2006 2007 1998
f 1998 1997 2006
f 190 189 1998
f 190 1998 2002
f 2002 1998 2007
f 2000 2001 2006
f 2006 2001 2003
f 2006 2003 2004
f 2006 2004 2007
f 2002 2007 2004
f 2008 1987 1986
f 2009 2010 1987
f 2009 1987 2008
f 1987 2010 1979
f 1979 2010 1994
f 2011 2012 2009
f 2009 2012 2010
f 2013 2014 1988
f 1988 2014 1964
f 1964 2014 2008
f 1964 2008 1986
f 2008 2014 2009
f 2015 2016 2013
f 2013 2016 2014
f 2009 2014 2016
f 2016 2011 2009
f 1994 2010 1995
f 1995 2010 1997
f 1997 2010 2012
f 2017 2018 2011
f 2011 2018 2012
f 2019 2021 2020
f 2020 2021 2018
f 2020 2018 2017
f 2018 2021 2000
f 2000 2021 1999
f 1990 1991 2015
f 2015 1991 2016
f 2016 1991 2022
f 2011 2016 2017
f 2017 2016 2022
f 2020 2022 2019
f 2019 2022 1991
f 2019 1991 1993
f 2017 2022 2020
f 1997 2012 2018
f 2018 2006 1997
f 2006 2018 2000
f 175 168 1944
f 1944 168 1885
f 1944 1885 1946
f 1946 1885 1887
f 2023 2024 1953
f 2023 1953 1891
f 1891 1953 1946
f 1891 1946 1887
f 1953 2024 1954
f 2025 2024 2023
f 2026 2027 2025
f 2025 2027 2024
f 2024 2027 1954
f 1954 2027 1956
f 1891 1894 2023
f 2023 1894 1896
f 2023 1896 2025
f 2025 1896 2028
f 2025 2028 2026
f 1956 2027 1962
f 1962 2027 2029
f 1962 2029 1963
f 2030 2031 2027
f 2027 2026 2030
f 2032 2031 2030
f 2033 2034 1917
f 1917 2034 2028
f 1917 2028 1896
f 2026 2028 2034
f 2034 2030 2026
f 2035 2034 2033
f 2036 2037 2035
f 2035 2037 2032
f 2035 2032 2034
f 2034 2032 2030
f 2038 2029 2027
f 2027 2031 2038
f 1963 2029 2038
f 1963 2038 1988
f 1988 2038 2039
f 2040 2041 2038
f 2040 2038 2032
f 2032 2038 2031
f 2042 2039 2041
f 2041 2039 2038
f 2032 2037 2040
f 2043 2044 2037
f 2037 2036 2043
f 2045 2046 2044
f 2044 2043 2045
f 2047 2048 2041
f 2041 2040 2047
f 1990 2042 2041
f 1990 2041 1989
f 1989 2041 2048
f 2049 2050 2048
f 2048 2047 2049
f 1989 2048 1992
f 1992 2048 2050
f 2040 2037 2047
f 2047 2037 2044
f 2047 2044 2049
f 2049 2044 2046
f 1917 1925 2033
f 2033 1925 1927
f 2033 1927 2035
f 2035 1927 2051
f 2035 2051 2036
f 2052 2053 1931
f 1931 2053 1927
f 1927 2053 2051
f 2036 2051 2053
f 2053 2043 2036
f 2054 2055 2053
f 2053 2052 2054
f 2043 2053 2055
f 2055 2045 2043
f 1931 1934 2052
f 2052 1934 1937
f 1937 2054 2052
f 1988 2039 2013
f 2013 2039 2015
f 2015 2039 2042
f 2015 2042 1990
f 2056 1936 1935
f 2057 2058 2056
f 2056 2058 1937
f 2056 1937 1936
f 2059 2060 2057
f 2057 2060 2058
f 2061 2063 2062
f 2062 2063 2064
f 2062 2064 2060
f 2062 2060 2059
f 2065 2066 2061
f 2061 2066 2063
f 2067 2064 2063
f 2063 2066 2067
f 1828 1829 2068
f 2068 1829 2069
f 2068 2069 2071
f 2071 2070 2068
f 2070 2071 2073
f 2073 2072 2070
f 2072 2073 2075
f 2075 2074 2072
f 1832 1833 2076
f 2076 1833 2077
f 2076 2077 2078
f 2078 2077 2079
f 2080 2077 1833
f 1833 1834 2080
f 2081 2079 2077
f 2077 2080 2081
f 2076 2069 1832
f 1832 2069 1829
f 2078 2071 2076
f 2076 2071 2069
f 2078 2079 2082
f 2082 2079 2083
f 2082 2083 2084
f 2084 2083 2085
f 2086 2083 2079
f 2079 2081 2086
f 2087 2085 2086
f 2086 2085 2083
f 2082 2073 2078
f 2078 2073 2071
f 2084 2075 2073
f 2073 2082 2084
f 2088 2090 2089
f 2091 2093 2092
f 2089 2090 2095
f 2095 2094 2089
f 2094 2095 2091
f 2091 2095 2096
f 2091 2096 2093
f 2097 2099 2098
f 2074 2075 2101
f 2101 2100 2074
f 2100 2101 2097
f 2097 2101 2102
f 2097 2102 2099
f 2103 2105 2104
f 2106 2108 2107
f 2107 2108 2109
f 2107 2109 2103
f 2103 2109 2105
f 2098 2099 2110
f 2098 2110 2065
f 2065 2110 2066
f 2104 2067 2110
f 2104 2110 2103
f 2110 2067 2066
f 2107 2110 2106
f 2106 2110 2102
f 2102 2110 2099
f 2103 2110 2107
f 2084 2085 2112
f 2112 2111 2084
f 2111 2112 2114
f 2114 2113 2111
f 2115 2112 2087
f 2087 2112 2085
f 2089 2114 2112
f 2089 2112 2088
f 2088 2112 2115
f 2111 2101 2075
f 2075 2084 2111
f 2113 2102 2101
f 2101 2111 2113
f 2113 2114 2106
f 2106 2114 2116
f 2106 2116 2108
f 2092 2109 2091
f 2091 2109 2116
f 2116 2109 2108
f 2094 2116 2114
f 2114 2089 2094
f 2091 2116 2094
f 2106 2102 2113
f 2117 2119 2118
f 2120 2122 2121
f 2123 2117 2118
f 2123 2118 2122
f 2123 2122 2120
f 2124 2126 2125
f 2127 2128 2126
f 2126 2124 2127
f 2129 2124 2125
f 2129 2125 1993
f 2129 1993 1992
f 2130 2127 2129
f 2129 2127 2124
f 2131 2120 2121
f 2131 2121 2128
f 2131 2128 2127
f 2132 2123 2131
f 2131 2123 2120
f 2133 2131 2127
f 2127 2130 2133
f 2134 2132 2133
f 2133 2132 2131
f 2135 2137 2136
f 2138 2140 2139
f 2139 2140 328
f 2139 328 2137
f 2139 2137 2135
f 328 2140 327
f 2141 2143 2142
f 2142 2143 2136
f 2142 2136 2001
f 2142 2001 1999
f 2136 2143 2135
f 2144 2138 2139
f 2144 2139 2143
f 2144 2143 2141
f 2135 2143 2139
f 2136 2137 2003
f 2003 2137 2145
f 2003 2145 2005
f 12 192 2005
f 12 2005 333
f 333 2005 2145
f 334 2145 328
f 328 2145 2137
f 333 2145 334
f 2003 2001 2136
f 2146 342 2140
f 2146 2140 2138
f 2140 342 343
f 327 2140 343
f 2118 2119 342
f 2118 342 2146
f 342 2119 344
f 2121 2122 2144
f 2144 2122 2146
f 2144 2146 2138
f 2146 2122 2118
f 2125 2126 2141
f 2125 2141 2019
f 2019 2141 2142
f 2019 2142 2021
f 1999 2021 2142
f 2141 2126 2128
f 2128 2144 2141
f 2019 1993 2125
f 2144 2128 2121
f 2147 352 353
f 2147 353 2117
f 2117 353 2119
f 2148 355 2147
f 2147 355 352
f 2149 2147 2123
f 2123 2147 2117
f 2150 2148 2149
f 2149 2148 2147
f 2151 359 2148
f 2148 359 355
f 2152 360 361
f 361 2153 2152
f 2153 361 359
f 359 2151 2153
f 2154 2156 2155
f 2155 2156 2150
f 2150 2156 2148
f 2148 2156 2151
f 2157 2152 2156
f 2157 2156 2154
f 2156 2152 2153
f 2151 2156 2153
f 2158 2149 2132
f 2132 2149 2123
f 2159 2150 2158
f 2158 2150 2149
f 2160 2162 2161
f 2161 2162 2158
f 2161 2158 2134
f 2134 2158 2132
f 2163 2164 2162
f 2162 2160 2163
f 2158 2162 2164
f 2164 2159 2158
f 2165 2167 2166
f 2168 2154 2155
f 2155 2169 2168
f 2169 2155 2150
f 2150 2159 2169
f 2170 2157 2168
f 2168 2157 2154
f 2171 2168 2163
f 2163 2168 2164
f 2164 2168 2169
f 2159 2164 2169
f 2166 2167 2168
f 2166 2168 2171
f 2168 2167 2170
f 344 2119 353
f 2172 2173 2046
f 2046 2045 2172
f 2174 2175 2173
f 2173 2172 2174
f 2176 2177 2049
f 2049 2177 2050
f 1992 2050 2129
f 2129 2050 2177
f 2178 2179 2176
f 2176 2179 2177
f 2129 2177 2130
f 2130 2177 2179
f 2049 2046 2176
f 2176 2046 2173
f 2176 2173 2178
f 2178 2173 2175
f 2180 2181 2174
f 2174 2181 2175
f 2182 2183 2181
f 2181 2180 2182
f 2184 2185 2178
f 2178 2185 2179
f 2130 2179 2133
f 2133 2179 2185
f 2186 2187 2185
f 2185 2184 2186
f 2133 2185 2187
f 2187 2134 2133
f 2178 2175 2181
f 2181 2184 2178
f 2184 2181 2186
f 2186 2181 2183
f 2188 2189 2055
f 2055 2054 2188
f 2045 2055 2172
f 2172 2055 2189
f 2190 2191 2188
f 2188 2191 2189
f 2172 2189 2191
f 2191 2174 2172
f 2054 1937 2058
f 2058 2188 2054
f 2188 2058 2060
f 2060 2190 2188
f 2192 2193 2190
f 2190 2193 2191
f 2174 2191 2193
f 2193 2180 2174
f 2194 2195 2192
f 2192 2195 2193
f 2180 2193 2195
f 2195 2182 2180
f 2190 2060 2064
f 2064 2192 2190
f 2192 2064 2194
f 2194 2064 2067
f 2196 2198 2197
f 2199 2200 2182
f 2182 2200 2183
f 2201 2203 2202
f 2202 2203 2197
f 2202 2197 2200
f 2202 2200 2199
f 2197 2203 2196
f 2204 2160 2161
f 2204 2161 2187
f 2204 2187 2186
f 2134 2187 2161
f 2197 2198 2163
f 2197 2163 2204
f 2204 2163 2160
f 2186 2183 2200
f 2200 2204 2186
f 2204 2200 2197
f 2205 2206 2198
f 2198 2196 2205
f 2207 2209 2208
f 2208 2209 2165
f 2208 2165 2205
f 2205 2165 2166
f 2205 2166 2206
f 2092 2093 2210
f 2092 2210 2201
f 2201 2210 2203
f 2196 2203 2205
f 2205 2203 2210
f 2208 2210 2093
f 2208 2093 2096
f 2208 2096 2207
f 2205 2210 2208
f 2163 2198 2206
f 2206 2171 2163
f 2171 2206 2166
f 2104 2105 2211
f 2104 2211 2194
f 2194 2211 2195
f 2182 2195 2199
f 2199 2195 2211
f 2202 2211 2109
f 2202 2109 2201
f 2109 2211 2105
f 2199 2211 2202
f 2194 2067 2104
f 2201 2109 2092
f 159 157 1839
f 1839 1859 159
f 1859 1839 1841
f 1841 1862 1859
f 1862 1841 1872
f 1872 1841 1843
f 1872 1843 1450
f 1911 2212 1912
f 1912 2212 2213
f 2213 1913 1912
f 1914 2214 1911
f 1911 2214 2212
f 2215 2213 2214
f 2214 2213 2212
f 1913 2213 2216
f 2216 1915 1913
f 1915 2216 2217
f 2217 1916 1915
f 2218 2216 2215
f 2215 2216 2213
f 2219 2217 2216
f 2216 2218 2219
f 1509 1844 2220
f 1509 2220 2214
f 1509 2214 1914
f 2221 2215 2220
f 2220 2215 2214
f 2222 2220 1845
f 1845 2220 1844
f 2224 2221 2220
f 2224 2220 2223
f 2223 2220 2222
f 2223 2225 2224
f 2227 2218 2226
f 2226 2218 2215
f 2226 2215 2221
f 2228 2229 2219
f 2228 2219 2218
f 2228 2218 2227
f 2226 2221 2224
f 2230 2229 2228
f 2226 2231 2227
f 2227 2231 2228
f 2224 2225 2232
f 2224 2232 2226
f 2226 2232 2231
f 2228 2231 2232
f 2228 2232 2230
f 2230 2232 2233
f 1916 2217 1918
f 1918 2217 2234
f 1918 2234 1919
f 2235 2234 2217
f 2217 2219 2235
f 1919 2234 2235
f 2235 1921 1919
f 2236 2235 2219
f 2219 2229 2236
f 1921 2235 1930
f 1930 2235 2236
f 1930 2236 2237
f 2238 2239 2236
f 2238 2236 2230
f 2230 2236 2229
f 2240 2237 2236
f 2236 2239 2240
f 2230 2233 2238
f 1930 2237 1932
f 1932 2237 2240
f 2240 1935 1932
f 2242 2222 1845
f 2242 1845 2241
f 2241 1845 1848
f 2223 2222 2242
f 2241 1848 1851
f 2241 2243 2242
f 2242 2243 2244
f 2242 2244 2223
f 2223 2244 2225
f 1851 1852 2245
f 1851 2245 2241
f 2241 2245 2243
f 2246 2244 2245
f 2245 2244 2243
f 2247 2232 2244
f 2244 2232 2225
f 2248 2233 2232
f 2232 2247 2248
f 2249 2247 2244
f 2244 2246 2249
f 2250 2248 2247
f 2247 2249 2250
f 1854 1855 2251
f 2251 1855 1857
f 2251 1857 2252
f 2252 1857 2253
f 2252 2253 2254
f 2254 2253 2255
f 2251 2256 1854
f 1854 2256 2245
f 1854 2245 1852
f 2257 2246 2245
f 2245 2256 2257
f 2252 2256 2251
f 2254 2257 2252
f 2252 2257 2256
f 2254 2255 2259
f 2259 2258 2254
f 2258 2259 2261
f 2261 2260 2258
f 2262 2249 2257
f 2257 2249 2246
f 2263 2250 2262
f 2262 2250 2249
f 2258 2262 2257
f 2257 2254 2258
f 2260 2263 2262
f 2262 2258 2260
f 2264 2265 2239
f 2239 2238 2264
f 2266 2240 2239
f 2239 2265 2266
f 2267 2268 2265
f 2265 2264 2267
f 2269 2266 2265
f 2265 2268 2269
f 2238 2233 2248
f 2248 2264 2238
f 2264 2248 2250
f 2250 2267 2264
f 1935 2240 2266
f 1935 2266 2056
f 2056 2266 2270
f 2056 2270 2057
f 2271 2270 2266
f 2266 2269 2271
f 2057 2270 2271
f 2271 2059 2057
f 2272 2273 2267
f 2267 2273 2268
f 2274 2269 2273
f 2273 2269 2268
f 2260 2261 2275
f 2260 2275 2273
f 2260 2273 2272
f 2276 2274 2275
f 2275 2274 2273
f 2267 2250 2272
f 2272 2250 2263
f 2272 2263 2260
f 2062 2271 2269
f 2062 2269 2274
f 2062 2274 2061
f 2059 2271 2062
f 2061 2274 2065
f 2065 2274 2276
f 2277 2253 1857
f 1857 1858 2277
f 2278 2255 2253
f 2253 2277 2278
f 2068 2277 1828
f 1828 2277 1858
f 2070 2278 2068
f 2068 2278 2277
f 2279 2259 2278
f 2278 2259 2255
f 2280 2261 2279
f 2279 2261 2259
f 2072 2279 2070
f 2070 2279 2278
f 2074 2280 2072
f 2072 2280 2279
f 2281 2275 2280
f 2280 2275 2261
f 2098 2276 2275
f 2098 2275 2097
f 2097 2275 2281
f 2100 2281 2280
f 2280 2074 2100
f 2097 2281 2100
f 2065 2276 2098
f 2282 2284 2283
f 2285 2286 2284
f 2284 2282 2285
f 2287 2282 2288
f 2288 2282 2283
f 2289 2285 2287
f 2287 2285 2282
f 2283 2284 304
f 2283 304 1573
f 304 2284 462
f 462 2284 2290
f 462 2290 2291
f 2291 463 462
f 2292 2290 2284
f 2284 2286 2292
f 2294 2291 2292
f 2294 2292 2293
f 2292 2291 2290
f 2288 2283 1573
f 1573 1575 2288
f 2293 2295 2294
f 2296 2286 2285
f 2297 2298 2296
f 2297 2296 2289
f 2289 2296 2285
f 2299 2300 2298
f 2298 2297 2299
f 2301 2302 2296
f 2296 2302 2292
f 2296 2292 2286
f 2293 2292 2303
f 2303 2292 2302
f 2304 2305 2301
f 2301 2305 2302
f 2303 2302 2306
f 2306 2302 2305
f 2296 2298 2301
f 2308 2295 2303
f 2308 2303 2307
f 2303 2295 2293
f 2301 2298 2300
f 2300 2304 2301
f 2307 2303 2309
f 2309 2303 2306
f 2288 2310 2287
f 2311 2289 2310
f 2311 2310 2312
f 2310 2289 2287
f 2313 2311 2314
f 2314 2311 2312
f 2315 2310 2316
f 2316 2310 1575
f 2316 1575 1586
f 1575 2310 2288
f 2316 1586 1587
f 2312 2310 2315
f 2318 2319 2317
f 2320 2315 2316
f 2316 2321 2320
f 2321 2316 2322
f 2322 2316 1589
f 2322 1589 2323
f 1589 2316 1587
f 2314 2312 2320
f 2320 2312 2315
f 2322 2323 2324
f 2324 2323 2318
f 2324 2318 2317
f 2325 2297 2289
f 2289 2311 2325
f 2326 2299 2325
f 2325 2299 2297
f 2327 2325 2311
f 2311 2313 2327
f 2328 2329 2325
f 2328 2325 2327
f 2325 2329 2326
f 2317 2319 2330
f 2330 2319 2308
f 2330 2308 2307
f 2330 2307 2309
f 2309 2331 2330
f 2324 2317 2330
f 2330 2332 2324
f 2333 2329 2328
f 2332 2330 2331
f 2331 2334 2332
f 2336 1600 2335
f 2335 1600 314
f 2335 314 463
f 2335 463 2291
f 1601 1600 2336
f 2335 2291 2294
f 2338 2336 2335
f 2335 2337 2338
f 1603 1601 2336
f 2336 2338 1603
f 2337 2335 2294
f 2337 2294 2295
f 2337 2295 2339
f 2339 2295 2308
f 1610 1612 2340
f 2340 1612 2337
f 2337 1612 2338
f 2338 1612 1603
f 2340 2337 2339
f 2340 2339 2318
f 2318 2339 2319
f 2340 2323 1589
f 1589 1610 2340
f 2318 2323 2340
f 2308 2319 2339
f 2341 2342 2300
f 2300 2299 2341
f 2343 2342 2341
f 2344 2345 2305
f 2305 2304 2344
f 2306 2305 2346
f 2346 2305 2345
f 2347 2345 2344
f 2346 2345 2347
f 2304 2300 2344
f 2344 2300 2342
f 2309 2306 2348
f 2348 2306 2346
f 2349 2347 2343
f 2343 2347 2342
f 2342 2347 2344
f 2348 2346 2349
f 2349 2346 2347
f 193 40 2350
f 2350 40 467
f 2350 467 468
f 468 2351 2350
f 194 193 2350
f 2350 2352 194
f 2352 2350 2353
f 2353 2350 2354
f 2354 2350 2351
f 2353 2354 2355
f 2356 2357 2299
f 2356 2299 2326
f 2299 2357 2341
f 2341 2357 2343
f 2326 2329 2356
f 2358 2357 2356
f 2331 2309 2348
f 2348 2359 2331
f 2360 2349 2357
f 2360 2357 2358
f 2357 2349 2343
f 2359 2348 2360
f 2360 2348 2349
f 2361 2362 2356
f 2361 2356 2329
f 2361 2329 2333
f 2356 2362 2358
f 2334 2331 2361
f 2361 2331 2362
f 2362 2331 2359
f 2358 2362 2360
f 2360 2362 2359
f 2363 2365 2364
f 2364 2365 2366
f 195 194 2363
f 2363 194 2352
f 2363 2352 2365
f 2366 2365 2352
f 2366 2352 2353
f 2366 2353 2367
f 196 197 2363
f 196 2363 2368
f 2368 2363 2364
f 2368 2364 2366
f 2368 2366 2369
f 2369 2366 2370
f 2363 197 195
f 2367 2370 2366
f 2367 2353 2355
f 2355 2371 2367
f 2369 2370 2372
f 2372 2370 2373
f 2373 2370 2374
f 2374 2370 2371
f 2371 2370 2367
f 2373 2374 2375
f 2376 2313 2314
f 2314 2377 2376
f 2377 2378 2376
f 2379 2320 2380
f 2380 2320 2321
f 2380 2321 2381
f 2381 2321 2322
f 2377 2314 2379
f 2379 2314 2320
f 2381 2322 2324
f 2324 2382 2381
f 2383 2379 2380
f 2380 2384 2383
f 2384 2380 2385
f 2385 2380 2381
f 2386 2387 2378
f 2386 2378 2383
f 2383 2378 2377
f 2383 2377 2379
f 2385 2381 2386
f 2386 2381 2387
f 2387 2381 2382
f 2388 2389 2313
f 2388 2313 2376
f 2313 2389 2327
f 2327 2389 2328
f 2376 2378 2388
f 2390 2391 2389
f 2389 2388 2390
f 2382 2324 2332
f 2382 2332 2390
f 2390 2332 2391
f 2328 2389 2391
f 2328 2391 2392
f 2328 2392 2333
f 2334 2392 2332
f 2332 2392 2391
f 2388 2378 2387
f 2387 2390 2388
f 2390 2387 2382
f 2393 2395 2394
f 2396 2397 1701
f 1701 2397 1702
f 198 199 2398
f 2398 199 2399
f 2398 2399 2396
f 2396 2399 2397
f 2397 2399 2394
f 2394 2399 2393
f 2384 2400 2383
f 2385 2400 2384
f 2394 2395 2401
f 2400 2386 2383
f 2386 2400 2385
f 2402 1708 2397
f 2397 1708 1702
f 2403 1709 2402
f 2402 1709 1708
f 2401 2404 2402
f 2401 2402 2394
f 2394 2402 2397
f 2406 2403 2404
f 2406 2404 2405
f 2404 2403 2402
f 2407 2409 2408
f 2408 2409 2410
f 2408 2410 2393
f 2393 2410 2395
f 200 201 2407
f 2407 201 2411
f 2407 2411 2409
f 2412 2410 2409
f 2409 2411 2412
f 2408 2399 199
f 2408 199 2407
f 2407 199 202
f 2393 2399 2408
f 2407 202 200
f 2401 2395 2413
f 2413 2395 2410
f 2413 2410 2412
f 2412 2414 2413
f 2413 2415 2401
f 2401 2415 2404
f 2405 2404 2416
f 2416 2404 2415
f 2414 2417 2413
f 2413 2417 2415
f 2416 2415 2417
f 2417 2418 2416
f 2419 1726 1725
f 2420 2421 1727
f 2420 1727 2419
f 2419 1727 1726
f 2422 2423 2421
f 2421 2420 2422
f 2424 2425 2422
f 2422 2425 2423
f 2426 2427 2425
f 2425 2424 2426
f 2428 1735 1734
f 2430 1736 2429
f 2429 1736 2403
f 2403 1736 1709
f 2431 2432 2428
f 2431 2428 1734
f 2431 1734 1736
f 2431 1736 2430
f 2429 2403 2406
f 2433 2432 2431
f 2434 2435 2428
f 2428 2435 1735
f 1735 2435 2419
f 1735 2419 1725
f 2419 2435 2420
f 2436 2435 2434
f 2437 2422 2436
f 2436 2422 2420
f 2436 2420 2435
f 2428 2432 2434
f 2438 2439 2436
f 2438 2436 2433
f 2433 2436 2434
f 2433 2434 2432
f 2436 2439 2437
f 2440 2442 2441
f 2443 2445 2444
f 2444 2445 2424
f 2444 2424 2422
f 2444 2422 2437
f 2446 2447 2445
f 2445 2443 2446
f 2424 2445 2447
f 2447 2426 2424
f 2448 2443 2444
f 2448 2444 2438
f 2438 2444 2439
f 2437 2439 2444
f 2441 2442 2443
f 2441 2443 2448
f 2443 2442 2446
f 203 204 2449
f 2449 204 2450
f 2449 2450 2452
f 2452 2451 2449
f 205 206 2453
f 2453 206 203
f 2453 203 2449
f 2453 2449 2454
f 2454 2449 2455
f 2455 2449 2451
f 2333 2392 2361
f 2361 2392 2334
f 2451 2452 2456
f 2455 2451 2456
f 2456 2457 2455
f 2368 2450 196
f 196 2450 204
f 2369 2452 2450
f 2450 2368 2369
f 2456 2452 2369
f 2456 2369 2459
f 2456 2459 2458
f 2459 2369 2372
f 2458 2459 2460
f 2373 2459 2372
f 2460 2459 2461
f 2461 2459 2373
f 2461 2373 2462
f 2462 2373 2375
f 2457 2456 2463
f 2463 2456 2458
f 2463 2458 2460
f 2463 2460 2465
f 2463 2465 2464
f 2461 2465 2460
f 2453 2466 2411
f 2453 2411 201
f 2453 201 205
f 2467 2412 2411
f 2411 2466 2467
f 2454 2466 2453
f 2455 2467 2454
f 2454 2467 2466
f 2414 2412 2467
f 2467 2468 2414
f 2468 2467 2469
f 2469 2467 2470
f 2470 2467 2455
f 2470 2455 2457
f 2469 2470 2471
f 2471 2470 2472
f 2468 2473 2417
f 2417 2414 2468
f 2418 2417 2475
f 2418 2475 2474
f 2475 2417 2473
f 2469 2473 2468
f 2471 2475 2469
f 2469 2475 2473
f 2463 2470 2457
f 2464 2472 2463
f 2463 2472 2470
f 2476 2478 2477
f 2479 2480 2478
f 2478 2476 2479
f 2481 2476 2477
f 2481 2477 2427
f 2481 2427 2426
f 2482 2484 2483
f 2483 2484 2479
f 2483 2479 2476
f 2483 2476 2481
f 2461 2462 2486
f 2486 2485 2461
f 2485 2486 2487
f 2487 2486 2488
f 2464 2465 2489
f 2489 2465 2461
f 2489 2461 2490
f 2490 2461 2485
f 2490 2485 2487
f 2487 2491 2490
f 2492 2493 2480
f 2480 2479 2492
f 2487 2488 2494
f 2494 2488 2495
f 2494 2495 2493
f 2494 2493 2492
f 2493 2495 2496
f 2497 2498 2482
f 2482 2498 2484
f 2479 2484 2498
f 2498 2492 2479
f 2491 2487 2497
f 2497 2487 2498
f 2498 2487 2494
f 2492 2498 2494
f 2471 2472 2499
f 2499 2472 2500
f 2499 2500 2502
f 2502 2501 2499
f 2474 2475 2504
f 2504 2503 2474
f 2503 2504 2440
f 2440 2504 2442
f 2442 2504 2505
f 2499 2504 2471
f 2471 2504 2475
f 2501 2505 2504
f 2504 2499 2501
f 2506 2507 2446
f 2446 2507 2447
f 2426 2447 2507
f 2507 2481 2426
f 2501 2502 2507
f 2501 2507 2506
f 2507 2502 2483
f 2483 2502 2482
f 2481 2507 2483
f 2446 2442 2506
f 2506 2442 2505
f 2506 2505 2501
f 2489 2508 2500
f 2489 2500 2472
f 2489 2472 2464
f 2509 2502 2508
f 2508 2502 2500
f 2490 2508 2489
f 2491 2509 2508
f 2508 2490 2491
f 2482 2502 2497
f 2497 2502 2509
f 2497 2509 2491
f 2510 2512 2511
f 2513 2515 2514
f 2516 2518 2517
f 2517 2518 2511
f 2517 2511 2513
f 2513 2511 2515
f 2511 2518 2510
f 2519 2521 2520
f 2520 2521 2522
f 2522 2521 2523
f 2524 2526 2525
f 2527 2529 2528
f 2530 2524 2525
f 2530 2525 2529
f 2530 2529 2527
f 2531 2533 2532
f 2532 2533 2534
f 2534 2533 2514
f 2514 2533 2513
f 2525 2526 2531
f 2531 2526 2516
f 2531 2516 2533
f 2533 2516 2517
f 2513 2533 2517
f 2528 2529 2531
f 2528 2531 2532
f 2528 2532 2521
f 2528 2521 2519
f 2534 2523 2521
f 2521 2532 2534
f 2531 2529 2525
f 2511 2512 2535
f 2535 2512 2536
f 2535 2536 2537
f 2537 2536 2538
f 2514 2515 2539
f 2539 2515 2540
f 2539 2540 2542
f 2542 2541 2539
f 2535 2540 2511
f 2511 2540 2515
f 2537 2542 2540
f 2540 2535 2537
f 2537 2538 2543
f 2543 2538 2544
f 2543 2544 2546
f 2546 2545 2543
f 2541 2542 2547
f 2547 2542 2543
f 2547 2543 2548
f 2543 2542 2537
f 2548 2543 2549
f 2549 2543 2545
f 2522 2523 2550
f 2550 2523 2551
f 2550 2551 2553
f 2553 2552 2550
f 2552 2553 2554
f 2534 2514 2539
f 2539 2555 2534
f 2555 2539 2556
f 2556 2539 2541
f 2555 2551 2523
f 2523 2534 2555
f 2556 2553 2551
f 2551 2555 2556
f 2556 2541 2557
f 2557 2541 2547
f 2557 2547 2558
f 2557 2558 2560
f 2560 2559 2557
f 2548 2558 2547
f 2549 2560 2558
f 2558 2548 2549
f 2554 2553 2557
f 2554 2557 2561
f 2557 2553 2556
f 2561 2557 2562
f 2562 2557 2559
f 2563 2565 2564
f 2566 2568 2567
f 2569 2563 2564
f 2569 2564 2568
f 2569 2568 2566
f 2570 2572 2571
f 2571 2572 2512
f 2571 2512 2510
f 2512 2572 469
f 2512 469 470
f 2564 2565 2572
f 2564 2572 2570
f 2572 2565 473
f 473 2565 472
f 469 2572 473
f 2567 2568 2516
f 2516 2568 2570
f 2516 2570 2571
f 2516 2571 2518
f 2510 2518 2571
f 2570 2568 2564
f 2573 2574 2565
f 2565 2563 2573
f 2575 2577 2576
f 2576 2577 477
f 2576 477 2573
f 2573 477 2574
f 477 2577 476
f 2578 2580 2579
f 2579 2580 2569
f 2569 2580 2573
f 2569 2573 2563
f 2581 2575 2576
f 2581 2576 2580
f 2581 2580 2578
f 2573 2580 2576
f 472 2565 484
f 484 2565 2574
f 484 2574 477
f 2582 2566 2567
f 2582 2567 2526
f 2582 2526 2524
f 2583 2569 2582
f 2582 2569 2566
f 2584 2586 2585
f 2585 2586 2582
f 2585 2582 2530
f 2530 2582 2524
f 2587 2588 2586
f 2586 2584 2587
f 2582 2586 2588
f 2588 2583 2582
f 2516 2526 2567
f 2589 2578 2579
f 2579 2590 2589
f 2590 2579 2569
f 2569 2583 2590
f 2591 2581 2578
f 2578 2589 2591
f 2592 2589 2590
f 2592 2590 2587
f 2587 2590 2588
f 2583 2588 2590
f 2593 2591 2592
f 2592 2591 2589
f 500 2536 2512
f 2512 470 500
f 502 2538 2536
f 2536 500 502
f 508 2544 2538
f 2538 502 508
f 510 2546 2544
f 2544 508 510
f 2594 2596 2595
f 2597 2599 2598
f 2598 2599 2600
f 2598 2600 2596
f 2598 2596 2594
f 2601 1791 2421
f 2421 1791 1727
f 2595 1792 1791
f 2595 1791 2594
f 2594 1791 2601
f 2598 2601 2421
f 2598 2421 2423
f 2598 2423 2597
f 2594 2601 2598
f 2595 2596 2603
f 2603 2602 2595
f 2602 2603 2605
f 2605 2604 2602
f 2520 2603 2596
f 2520 2596 2519
f 2519 2596 2600
f 2522 2605 2603
f 2603 2520 2522
f 2602 1797 1792
f 1792 2595 2602
f 2604 1798 1797
f 1797 2602 2604
f 2606 2607 2597
f 2597 2607 2599
f 2528 2600 2599
f 2528 2599 2607
f 2528 2607 2527
f 2608 2609 2607
f 2607 2606 2608
f 2527 2607 2609
f 2609 2530 2527
f 2597 2423 2606
f 2606 2423 2425
f 2606 2425 2608
f 2608 2425 2427
f 2519 2600 2528
f 2604 2605 2611
f 2611 2610 2604
f 2610 2611 2612
f 2612 2611 2613
f 2550 2611 2522
f 2522 2611 2605
f 2552 2613 2611
f 2611 2550 2552
f 2610 1810 2604
f 2604 1810 1798
f 2612 1812 2610
f 2610 1812 1810
f 2612 2613 2614
f 2614 2613 2552
f 2614 2552 2554
f 2614 2554 2616
f 2614 2616 2615
f 2615 2616 2618
f 2618 2617 2615
f 2614 2619 1814
f 2614 1814 1812
f 2614 1812 2612
f 1815 1814 2619
f 1815 2619 2621
f 1815 2621 2620
f 2615 2619 2614
f 2617 2621 2615
f 2615 2621 2619
f 2561 2616 2554
f 2562 2618 2616
f 2616 2561 2562
f 2620 1834 1815
f 2477 2478 2584
f 2477 2584 2585
f 2477 2585 2608
f 2608 2585 2609
f 2530 2609 2585
f 2584 2478 2587
f 2587 2478 2480
f 2608 2427 2477
f 2587 2480 2493
f 2493 2592 2587
f 2592 2493 2496
f 2496 2593 2592
f 2351 468 579
f 579 2622 2351
f 2622 2354 2351
f 2622 579 582
f 582 2623 2622
f 2623 582 583
f 583 2624 2623
f 2355 2354 2623
f 2355 2623 2625
f 2623 2354 2622
f 2625 2623 2626
f 2626 2623 2624
f 2371 2355 2625
f 2625 2627 2371
f 2627 2625 2628
f 2628 2625 2626
f 2627 2374 2371
f 2375 2374 2628
f 2375 2628 2629
f 2628 2374 2627
f 2624 583 600
f 600 2630 2624
f 2630 600 2631
f 2631 600 601
f 2631 601 2632
f 2632 601 602
f 2626 2624 2630
f 2630 2633 2626
f 2633 2630 2631
f 2633 2631 2635
f 2633 2635 2634
f 2632 2635 2631
f 2636 2638 2637
f 2632 602 2639
f 2639 602 606
f 2639 606 2636
f 2636 606 2638
f 2638 606 607
f 2634 2635 2640
f 2640 2635 2641
f 2640 2641 2636
f 2640 2636 2637
f 2640 2637 2642
f 2639 2641 2632
f 2632 2641 2635
f 2636 2641 2639
f 2628 2626 2643
f 2643 2626 2633
f 2643 2633 2644
f 2644 2633 2634
f 2629 2628 2645
f 2645 2628 2643
f 2645 2643 2646
f 2646 2643 2644
f 2644 2634 2640
f 2640 2647 2644
f 2647 2640 2642
f 2642 2648 2647
f 2646 2644 2647
f 2647 2649 2646
f 2649 2647 2648
f 2648 2650 2649
f 2629 2462 2375
f 2645 2486 2462
f 2462 2629 2645
f 2646 2488 2645
f 2645 2488 2486
f 2649 2495 2646
f 2646 2495 2488
f 2650 2496 2649
f 2649 2496 2495
f 2637 2638 675
f 2637 675 676
f 2637 676 2577
f 2637 2577 2575
f 476 2577 676
f 675 2638 607
f 2642 2637 2581
f 2581 2637 2575
f 2648 2642 2581
f 2581 2591 2648
f 2650 2648 2593
f 2593 2648 2591
f 2593 2496 2650
f 2651 1846 158
f 158 207 2651
f 1701 1846 2396
f 2396 1846 2651
f 2398 2651 207
f 207 198 2398
f 2396 2651 2398
f 2405 2652 2406
f 2416 2653 2405
f 2405 2653 2652
f 2418 2654 2653
f 2653 2416 2418
f 2429 2655 2430
f 2430 2655 2431
f 2406 2652 2656
f 2406 2656 2429
f 2429 2656 2655
f 2431 2655 2656
f 2431 2656 2433
f 2433 2656 2657
f 2433 2657 2438
f 2658 2656 2653
f 2653 2656 2652
f 2659 2657 2658
f 2658 2657 2656
f 2660 2658 2653
f 2653 2654 2660
f 2441 2659 2658
f 2441 2658 2440
f 2440 2658 2660
f 2438 2657 2448
f 2448 2657 2659
f 2448 2659 2441
f 2474 2654 2418
f 2503 2660 2654
f 2654 2474 2503
f 2440 2660 2503
f 2545 2546 2662
f 2662 2661 2545
f 2661 2662 2663
f 2549 2545 2664
f 2664 2545 2661
f 2664 2661 2663
f 2664 2663 2666
f 2664 2666 2665
f 2665 2666 2667
f 2667 2666 2668
f 2667 2668 2670
f 2670 2669 2667
f 2559 2560 2671
f 2671 2560 2549
f 2671 2549 2664
f 2671 2664 2672
f 2672 2664 2673
f 2673 2664 2665
f 2562 2559 2671
f 2562 2671 2675
f 2562 2675 2674
f 2674 2675 2677
f 2677 2676 2674
f 2672 2675 2671
f 2673 2677 2675
f 2675 2672 2673
f 2673 2665 2678
f 2678 2665 2667
f 2678 2667 2669
f 2669 2679 2678
f 2676 2677 2680
f 2680 2677 2673
f 2680 2673 2678
f 2680 2678 2681
f 2681 2678 2682
f 2682 2678 2679
f 2669 2670 2684
f 2684 2683 2669
f 2683 2684 2685
f 2685 2684 2686
f 2687 2689 2688
f 2688 2689 978
f 2688 978 2690
f 978 2689 977
f 2691 2693 2692
f 2685 2686 2687
f 2685 2687 2688
f 2685 2688 2694
f 2694 2688 2691
f 2691 2688 2693
f 2693 2688 2690
f 2695 2697 2696
f 2679 2669 2683
f 2683 2698 2679
f 2698 2683 2685
f 2685 2699 2698
f 2700 2702 2701
f 2701 2702 2703
f 2703 2702 2704
f 2682 2679 2700
f 2700 2679 2698
f 2700 2698 2702
f 2699 2704 2698
f 2698 2704 2702
f 2705 2707 2706
f 2706 2707 2708
f 2708 2707 2691
f 2708 2691 2692
f 2699 2685 2694
f 2699 2694 2705
f 2705 2694 2707
f 2691 2707 2694
f 2703 2704 2705
f 2703 2705 2709
f 2709 2705 2706
f 2709 2706 2695
f 2695 2706 2697
f 2697 2706 2708
f 2705 2704 2699
f 1002 2662 2546
f 2546 510 1002
f 2663 2662 1002
f 2663 1002 2710
f 2710 1002 1004
f 2710 2666 2663
f 2710 1004 2711
f 2711 1004 1011
f 2711 1011 2712
f 2712 1011 1012
f 2711 2668 2666
f 2666 2710 2711
f 2712 2670 2668
f 2668 2711 2712
f 2712 1012 1029
f 1029 2713 2712
f 2713 1029 1030
f 1030 2714 2713
f 2713 2684 2670
f 2670 2712 2713
f 2714 2686 2713
f 2713 2686 2684
f 2714 1030 2687
f 2687 1030 2689
f 2689 1030 1032
f 977 2689 1032
f 2687 2686 2714
f 2617 2618 2716
f 2716 2715 2617
f 2715 2716 2717
f 2620 2621 2718
f 2718 2621 2719
f 2718 2719 2720
f 2720 2719 2721
f 2715 2719 2617
f 2617 2719 2621
f 2717 2722 2721
f 2717 2721 2719
f 2717 2719 2715
f 2720 2721 2724
f 2724 2723 2720
f 2723 2724 2726
f 2726 2725 2723
f 2727 2724 2721
f 2721 2722 2727
f 2728 2726 2727
f 2727 2726 2724
f 2674 2716 2618
f 2618 2562 2674
f 2717 2716 2674
f 2717 2674 2676
f 2717 2676 2729
f 2729 2722 2717
f 2729 2676 2680
f 2729 2680 2730
f 2730 2680 2731
f 2730 2731 2733
f 2733 2732 2730
f 2681 2731 2680
f 2682 2733 2731
f 2731 2681 2682
f 2730 2727 2729
f 2729 2727 2722
f 2732 2728 2730
f 2730 2728 2727
f 2718 2080 2620
f 2620 2080 1834
f 2720 2081 2718
f 2718 2081 2080
f 2723 2086 2720
f 2720 2086 2081
f 2725 2087 2086
f 2086 2723 2725
f 2734 2736 2735
f 2735 2736 2738
f 2738 2737 2735
f 2725 2726 2740
f 2740 2739 2725
f 2739 2740 2088
f 2088 2740 2090
f 2090 2740 2741
f 2735 2740 2734
f 2734 2740 2726
f 2734 2726 2728
f 2737 2741 2740
f 2740 2735 2737
f 2742 2744 2743
f 2737 2738 2746
f 2746 2745 2737
f 2745 2746 2742
f 2742 2746 2695
f 2742 2695 2744
f 2744 2695 2696
f 2747 2095 2741
f 2741 2095 2090
f 2743 2096 2095
f 2743 2095 2742
f 2742 2095 2747
f 2745 2747 2741
f 2741 2737 2745
f 2742 2747 2745
f 2732 2733 2734
f 2734 2733 2700
f 2734 2700 2736
f 2736 2700 2701
f 2703 2738 2736
f 2736 2701 2703
f 2700 2733 2682
f 2734 2728 2732
f 2709 2746 2738
f 2738 2703 2709
f 2695 2746 2709
f 2739 2115 2087
f 2087 2725 2739
f 2088 2115 2739
f 2748 2750 2749
f 2751 1125 1126
f 2751 1126 2750
f 2751 2750 2748
f 2752 2748 2749
f 2749 2753 2752
f 2754 2756 2755
f 2755 2756 2752
f 2752 2756 2748
f 2748 2756 2751
f 2749 2750 2152
f 2152 2750 1132
f 2152 1132 360
f 1132 2750 1126
f 2753 2749 2152
f 2152 2157 2753
f 2757 1136 2758
f 2758 1136 1137
f 2758 1137 1125
f 1125 2751 2758
f 2690 978 2757
f 2757 978 1136
f 2692 2693 2756
f 2692 2756 2754
f 2756 2693 2758
f 2758 2693 2757
f 2751 2756 2758
f 2757 2693 2690
f 2759 2752 2753
f 2753 2760 2759
f 2761 2754 2762
f 2762 2754 2755
f 2762 2755 2752
f 2752 2759 2762
f 2763 2765 2764
f 2764 2765 2759
f 2764 2759 2165
f 2165 2759 2167
f 2167 2759 2760
f 2696 2697 2765
f 2696 2765 2763
f 2765 2697 2762
f 2762 2697 2761
f 2759 2765 2762
f 2760 2753 2157
f 2157 2170 2760
f 2170 2167 2760
f 2708 2692 2761
f 2761 2692 2754
f 2761 2697 2708
f 2743 2744 2207
f 2207 2744 2209
f 2209 2744 2764
f 2764 2744 2763
f 2165 2209 2764
f 2763 2744 2696
f 2207 2096 2743
# End of File
